time,watts,cadence,heartrate,distance,velocity_smooth,temp,torque
0,0,,0,0.0,,,
1,0,,83,0.0,,,
2,0,0,83,0.0,0.0,11,0
3,0,0,82,0.0,0.0,11,0
4,0,0,82,0.0,0.0,11,0
5,0,0,81,0.0,0.0,11,0
6,0,1,81,0.0,0.0,11,0
7,1,26,81,0.0,0.0,11,0
8,12,31,80,3.33,1.856,11,4
9,97,42,80,6.77,2.869,11,22
10,159,69,79,11.95,5.169,11,22
11,220,73,78,17.34,5.662,11,29
12,246,79,78,25.73,6.303,11,30
13,194,83,79,29.97,6.42,11,22
14,174,84,80,37.3,6.512,11,20
15,174,83,82,44.28,6.599,11,20
16,173,84,84,49.3,6.633,11,20
17,170,85,86,56.99,6.666,11,19
18,173,85,88,62.86,6.774,11,19
19,175,87,91,68.5,6.825,11,19
20,174,85,93,76.25,6.865,11,20
21,172,85,95,84.66,6.812,11,19
22,168,85,96,88.95,6.754,11,19
23,167,85,96,94.53,6.754,11,19
24,172,80,95,100.12,6.716,11,21
25,171,80,95,108.35,6.585,11,20
26,169,84,96,112.59,6.608,11,19
27,171,87,97,121.72,6.827,11,19
28,182,85,97,128.7,6.887,11,20
29,181,87,98,134.49,6.855,11,20
30,175,85,99,143.32,6.809,11,20
31,173,85,100,149.89,6.795,11,19
32,173,85,101,154.88,6.804,11,19
33,177,87,102,161.71,6.851,11,19
34,181,88,103,168.8,6.932,11,20
35,182,89,104,175.36,6.967,11,20
36,181,87,105,183.55,7.019,11,20
37,179,87,106,189.37,6.997,11,20
38,175,89,107,198.04,6.942,11,19
39,173,91,108,204.01,7.006,11,18
40,178,91,108,207.98,7.154,11,19
41,184,92,109,214.36,7.265,11,19
42,188,92,110,222.51,7.38,11,20
43,182,92,111,230.86,7.332,11,19
44,171,92,111,236.21,7.288,11,18
45,169,90,112,246.43,7.241,11,18
46,168,92,113,249.18,7.179,11,17
47,170,91,114,261.16,7.147,11,18
48,173,91,115,266.75,7.188,11,18
49,175,92,116,272.33,7.227,11,18
50,181,91,116,280.25,7.263,11,19
51,181,91,117,288.65,7.263,11,19
52,178,90,117,292.92,7.207,11,19
53,173,91,117,301.3,7.157,11,18
54,173,91,117,309.27,7.154,11,18
55,178,91,117,314.86,7.15,11,19
56,179,90,117,321.96,7.151,11,19
57,180,90,116,328.12,7.163,11,19
58,180,90,116,336.81,7.18,11,19
59,179,90,115,342.97,7.115,11,19
60,175,90,114,349.7,7.125,11,19
61,178,90,113,353.35,7.128,11,19
62,181,91,113,364.33,7.188,11,19
63,181,91,114,370.7,7.197,11,19
64,179,91,114,377.61,7.23,11,19
65,180,91,115,386.65,7.273,11,19
66,181,92,115,391.01,7.289,11,19
67,179,91,117,397.79,7.287,11,19
68,177,91,117,402.79,7.267,11,19
69,176,91,118,412.54,7.263,11,18
70,176,92,118,419.06,7.263,11,18
71,178,91,119,425.72,7.263,11,19
72,178,91,120,434.23,7.248,11,19
73,178,92,120,441.73,7.29,11,18
74,179,92,121,449.31,7.263,11,19
75,177,90,122,456.86,7.24,11,19
76,175,92,122,461.1,7.238,11,18
77,178,91,122,471.3,7.26,11,19
78,180,92,122,477.18,7.263,11,19
79,179,92,122,483.81,7.258,11,19
80,178,91,122,491.59,7.239,11,19
81,176,91,122,496.82,7.213,11,18
82,177,91,123,505.17,7.238,11,19
83,180,91,123,511.54,7.238,11,19
84,179,91,123,518.28,7.218,11,19
85,179,91,123,526.24,7.253,11,19
86,181,91,124,530.31,7.263,11,19
87,180,92,124,537.41,7.258,11,19
88,177,92,124,545.3,7.246,11,18
89,177,91,124,553.1,7.238,11,19
90,177,92,124,558.83,7.226,11,18
91,176,91,124,568.27,7.213,11,18
92,177,91,124,574.89,7.213,11,19
93,180,91,124,582.56,7.213,11,19
94,179,90,124,589.33,7.213,11,19
95,178,90,124,595.77,7.181,11,19
96,175,91,124,602.75,7.14,11,18
97,177,90,124,607.31,7.15,11,19
98,180,91,124,617.26,7.152,11,19
99,180,90,124,623.02,7.187,11,19
100,180,91,124,629.26,7.179,11,19
101,179,90,124,637.69,7.15,11,19
102,177,89,124,645.27,7.115,11,19
103,176,90,124,652.28,7.053,11,19
104,175,89,124,658.67,7.051,11,19
105,178,87,124,665.53,7.034,11,20
106,177,89,124,672.34,6.946,11,19
107,174,91,124,679.6,6.982,11,18
108,183,89,124,686.07,7.102,11,20
109,191,90,125,691.87,7.173,11,20
110,187,90,125,696.04,7.164,11,20
111,180,90,125,707.08,7.13,11,19
112,175,89,125,714.59,7.128,11,19
113,177,90,125,719.73,7.147,11,19
114,180,90,125,728.1,7.177,11,19
115,179,91,125,735.24,7.184,11,19
116,178,91,124,740.95,7.187,11,19
117,177,91,124,747.43,7.186,11,19
118,177,90,124,757.5,7.179,11,19
119,177,90,123,759.68,7.163,11,19
120,173,89,123,768.08,7.087,11,19
121,174,88,123,777.78,7.05,11,19
122,178,89,123,781.88,7.079,11,19
123,181,89,123,789.11,7.083,11,19
124,181,88,123,797.5,7.056,11,20
125,176,86,123,803.6,6.965,11,20
126,172,88,123,810.13,6.923,11,19
127,174,87,123,816.22,6.925,11,19
128,179,88,123,822.38,6.948,11,19
129,183,88,122,830.79,7.033,11,20
130,184,88,122,836.93,7.045,11,20
131,180,89,122,843.92,7.024,11,19
132,177,88,121,851.92,7.034,11,19
133,177,88,121,855.66,7.049,11,19
134,179,90,121,864.8,7.057,11,19
135,182,90,121,871.93,7.093,11,19
136,182,90,121,878.32,7.13,11,19
137,180,90,121,885.83,7.153,11,19
138,178,92,121,892.14,7.187,11,18
139,179,91,121,899.46,7.199,11,19
140,177,91,121,904.88,7.15,11,19
141,176,91,121,913.47,7.154,11,18
142,176,89,121,921.42,7.126,11,19
143,178,90,122,927.01,7.126,11,19
144,177,90,122,934.2,7.104,11,19
145,175,91,122,941.65,7.095,11,18
146,178,91,122,946.41,7.116,11,19
147,183,90,121,955.19,7.2,11,19
148,183,90,121,961.0,7.213,11,19
149,179,90,121,966.79,7.193,11,19
150,176,90,121,974.18,7.151,11,19
151,174,89,121,983.93,7.125,11,19
152,174,89,122,990.19,7.101,11,19
153,176,89,122,996.46,7.089,11,19
154,177,90,122,1001.16,7.089,11,19
155,180,90,122,1008.2,7.089,11,19
156,180,90,122,1016.22,7.096,11,19
157,179,90,121,1022.14,7.084,11,19
158,178,89,120,1030.92,7.07,11,19
159,177,89,120,1037.24,7.053,11,19
160,179,90,120,1044.85,7.069,10,19
161,182,90,120,1051.95,7.127,10,19
162,182,90,120,1059.05,7.153,10,19
163,181,90,120,1064.57,7.15,10,19
164,176,89,120,1072.94,7.096,10,19
165,173,89,120,1079.7,7.06,10,19
166,174,88,121,1085.3,7.053,10,19
167,179,90,120,1093.47,7.074,10,19
168,180,89,120,1098.7,7.088,10,19
169,179,89,120,1106.48,7.045,10,19
170,177,89,120,1111.56,7.03,10,19
171,179,90,120,1117.39,7.083,10,19
172,183,89,119,1127.8,7.099,10,20
173,181,90,119,1133.39,7.101,10,19
174,179,89,119,1139.18,7.114,10,19
175,178,88,119,1145.17,7.112,10,19
176,177,89,120,1154.88,7.054,10,19
177,176,89,120,1161.31,7.051,10,19
178,179,89,121,1168.14,7.075,10,19
179,181,90,121,1175.89,7.1,10,19
180,181,90,121,1182.33,7.132,10,19
181,179,89,120,1190.64,7.104,10,19
182,177,89,120,1196.71,7.055,10,19
183,176,90,119,1203.12,7.057,10,19
184,176,88,119,1211.1,7.061,10,19
185,178,88,119,1218.05,7.044,10,19
186,180,88,119,1224.14,7.002,10,20
187,177,89,119,1228.62,7.026,10,19
188,179,90,119,1237.98,7.077,10,19
189,183,89,119,1243.48,7.122,10,20
190,182,90,120,1251.62,7.136,10,19
191,180,91,120,1258.21,7.184,10,19
192,179,91,119,1264.46,7.211,10,19
193,178,90,119,1268.75,7.213,10,19
194,176,91,119,1276.81,7.192,10,18
195,175,90,119,1283.31,7.151,10,19
196,175,90,119,1291.38,7.126,10,19
197,175,89,120,1300.71,7.127,10,19
198,178,90,120,1306.39,7.15,10,19
199,180,90,120,1314.78,7.174,10,19
200,180,90,120,1320.95,7.188,10,19
201,180,90,120,1327.41,7.174,10,19
202,177,90,120,1335.59,7.101,10,19
203,174,91,120,1342.11,7.125,10,18
204,181,91,120,1348.83,7.201,10,19
205,183,92,120,1356.82,7.25,10,19
206,183,92,120,1363.47,7.263,10,19
207,183,92,120,1369.15,7.26,10,19
208,183,92,120,1376.66,7.238,10,19
209,177,90,121,1383.48,7.233,10,19
210,176,91,121,1389.44,7.199,10,18
211,176,91,122,1398.87,7.185,10,18
212,177,92,122,1404.98,7.201,10,18
213,182,91,123,1410.01,7.238,10,19
214,181,91,123,1418.81,7.238,10,19
215,178,91,123,1424.73,7.222,10,19
216,176,91,122,1432.47,7.212,10,18
217,176,91,122,1440.85,7.18,10,18
218,177,91,122,1447.23,7.222,10,19
219,180,90,121,1454.1,7.238,10,19
220,179,92,120,1461.08,7.227,10,19
221,177,91,119,1467.06,7.213,10,19
222,176,90,119,1476.16,7.177,10,19
223,176,90,118,1480.89,7.137,10,19
224,176,89,118,1488.96,7.129,10,19
225,178,90,118,1497.16,7.129,10,19
226,179,91,118,1501.77,7.145,10,19
227,181,90,118,1509.17,7.184,10,19
228,181,91,119,1516.56,7.18,10,19
229,178,90,119,1524.41,7.147,10,19
230,175,91,119,1529.25,7.105,10,18
231,176,91,120,1537.64,7.168,10,18
232,183,90,119,1546.03,7.211,10,19
233,182,90,119,1550.34,7.188,10,19
234,178,89,119,1555.72,7.143,10,19
235,173,89,119,1566.52,7.088,10,19
236,173,89,119,1572.81,7.054,10,19
237,175,89,119,1579.68,7.036,10,19
238,178,88,119,1586.57,7.052,10,19
239,183,88,119,1591.04,7.053,10,20
240,180,88,118,1597.78,7.045,10,20
241,177,87,118,1605.55,7.009,10,19
242,176,89,118,1613.35,6.981,10,19
243,177,88,118,1621.28,7.005,10,19
244,181,89,118,1627.02,7.017,10,19
245,181,90,119,1634.37,7.046,10,19
246,181,90,119,1641.1,7.121,10,19
247,184,90,119,1647.01,7.15,10,20
248,180,91,120,1653.32,7.145,10,19
249,176,89,120,1663.52,7.13,10,19
250,176,90,121,1667.61,7.117,10,19
251,176,91,121,1673.75,7.136,10,18
252,179,90,121,1680.64,7.169,10,19
253,179,90,121,1689.75,7.134,10,19
254,176,92,121,1694.93,7.148,10,18
255,179,91,121,1702.15,7.195,10,19
256,182,90,121,1709.87,7.213,10,19
257,178,91,121,1714.49,7.21,10,19
258,175,91,121,1724.77,7.213,10,18
259,175,91,121,1731.18,7.221,10,18
260,178,91,121,1736.73,7.238,10,19
261,178,91,121,1745.8,7.238,10,19
262,179,91,121,1752.5,7.238,10,19
263,178,91,122,1758.95,7.232,10,19
264,176,92,122,1767.12,7.192,10,18
265,175,92,122,1771.49,7.188,10,18
266,176,91,122,1779.83,7.161,10,18
267,177,90,122,1785.93,7.178,10,19
268,180,90,121,1794.17,7.189,10,19
269,182,91,121,1799.6,7.224,10,19
270,181,91,121,1807.91,7.238,10,19
271,179,91,121,1813.86,7.222,10,19
272,177,90,121,1823.53,7.166,10,19
273,175,91,121,1827.52,7.182,10,18
274,177,91,121,1835.66,7.213,10,19
275,180,92,121,1844.54,7.238,10,19
276,180,91,122,1850.69,7.239,10,19
277,180,91,122,1856.42,7.263,10,19
278,179,90,122,1861.57,7.247,10,19
279,177,91,122,1871.86,7.197,10,19
280,176,90,122,1878.0,7.213,10,19
281,178,91,122,1884.56,7.213,10,19
282,179,90,123,1892.96,7.178,10,19
283,177,90,123,1900.71,7.121,10,19
284,175,91,123,1907.27,7.111,10,18
285,178,91,123,1913.98,7.166,10,19
286,184,90,122,1920.51,7.209,10,20
287,183,90,122,1926.62,7.203,10,19
288,179,90,122,1935.01,7.157,10,19
289,177,90,122,1939.43,7.15,10,19
290,178,90,122,1945.52,7.188,10,19
291,180,91,122,1953.95,7.212,10,19
292,180,91,122,1962.33,7.229,10,19
293,179,91,122,1969.95,7.229,10,19
294,177,92,123,1974.87,7.213,10,18
295,177,91,123,1983.36,7.214,10,19
296,179,91,123,1989.01,7.238,10,19
297,179,91,123,1994.56,7.238,10,19
298,178,91,124,2003.03,7.238,10,19
299,177,91,124,2012.41,7.213,10,19
300,177,91,124,2017.02,7.218,10,19
301,178,92,124,2025.42,7.238,10,18
302,180,91,125,2033.76,7.263,10,19
303,180,91,125,2038.64,7.263,10,19
304,178,91,125,2047.07,7.248,10,19
305,174,89,125,2054.13,7.171,10,19
306,172,88,125,2060.15,6.812,10,19
307,152,88,125,2062.64,5.302,10,16
308,94,76,125,2065.05,3.462,10,12
309,35,48,125,2065.86,2.293,10,7
310,8,21,125,2065.86,1.376,10,4
311,0,0,124,2065.86,0.459,10,0
312,0,0,123,2065.86,0.0,10,0
313,0,0,123,2065.86,0.0,10,0
314,0,0,122,2065.86,0.0,10,0
315,0,0,122,2065.86,0.0,10,0
316,0,0,122,2065.86,0.0,10,0
317,0,0,122,2065.86,0.0,10,0
318,0,0,122,2065.86,0.0,10,0
319,0,0,123,2065.86,0.0,10,0
320,0,0,123,2065.86,0.0,10,0
321,0,0,123,2065.86,0.0,10,0
322,0,0,123,2065.86,0.0,10,0
323,6,33,122,2068.24,1.663,10,2
324,55,57,121,2071.3,2.98,10,9
325,188,71,119,2076.46,4.405,10,25
326,284,83,118,2080.04,5.569,10,33
327,275,89,118,2091.03,7.345,10,30
328,224,90,118,2096.61,7.484,10,24
329,176,91,118,2104.51,7.38,10,18
330,159,92,118,2113.4,7.188,10,17
331,162,91,118,2121.78,7.179,10,17
332,172,91,119,2128.09,7.18,10,18
333,176,90,119,2135.03,7.213,10,19
334,174,90,120,2142.2,7.144,10,18
335,172,91,119,2148.99,7.127,10,18
336,171,90,119,2157.23,7.159,10,18
337,177,90,119,2162.23,7.188,10,19
338,178,90,118,2170.15,7.154,10,19
339,176,90,118,2178.54,7.153,10,19
340,175,90,117,2182.35,7.137,10,19
341,175,89,116,2187.4,7.131,10,19
342,175,92,115,2199.56,7.162,10,18
343,178,91,115,2205.68,7.24,10,19
344,181,91,115,2212.19,7.263,10,19
345,180,91,115,2219.27,7.263,10,19
346,175,92,116,2227.03,7.269,10,18
347,176,92,116,2232.34,7.287,10,18
348,181,92,116,2241.18,7.347,10,19
349,181,92,116,2247.92,7.344,10,19
350,177,91,116,2254.93,7.3,10,19
351,174,91,116,2262.53,7.263,10,18
352,174,92,116,2268.77,7.263,10,18
353,177,92,116,2275.15,7.267,10,18
354,180,93,117,2281.58,7.336,10,18
355,182,92,117,2289.96,7.353,10,19
356,180,94,117,2298.35,7.349,10,18
357,178,93,117,2304.67,7.368,10,18
358,179,93,118,2311.92,7.377,10,18
359,178,92,119,2317.13,7.366,10,18
360,176,91,119,2323.33,7.285,10,18
361,174,92,119,2331.07,7.249,10,18
362,175,91,119,2338.47,7.238,10,18
363,179,92,120,2345.55,7.277,10,19
364,182,94,120,2354.8,7.331,10,18
365,183,93,120,2361.73,7.374,10,19
366,182,92,120,2367.84,7.38,10,19
367,178,92,120,2371.3,7.359,10,18
368,175,92,120,2382.37,7.323,10,18
369,176,92,121,2390.83,7.307,10,18
370,177,93,121,2397.12,7.289,10,18
371,178,92,121,2404.59,7.325,10,18
372,180,92,121,2411.75,7.288,10,19
373,178,92,121,2417.3,7.263,10,18
374,176,92,121,2424.5,7.289,10,18
375,178,93,121,2432.83,7.326,10,18
376,180,93,121,2439.64,7.347,10,18
377,181,94,121,2445.39,7.384,10,18
378,181,93,121,2452.41,7.404,10,19
379,185,92,121,2461.93,7.345,10,19
380,197,93,121,2466.42,7.321,10,20
381,225,92,122,2474.84,7.323,10,23
382,235,93,122,2482.03,7.305,10,24
383,232,93,123,2487.21,7.306,10,24
384,230,91,123,2495.15,7.289,10,24
385,229,92,123,2499.76,7.29,10,24
386,229,92,124,2508.19,7.29,10,24
387,229,92,124,2517.07,7.289,10,24
388,228,93,124,2524.68,7.307,10,23
389,228,91,124,2531.66,7.325,10,24
390,228,92,124,2539.31,7.289,10,24
391,227,92,124,2544.16,7.309,10,24
392,228,92,124,2554.75,7.323,10,24
393,229,91,124,2560.02,7.317,10,24
394,229,91,125,2567.14,7.292,10,24
395,225,92,125,2575.02,7.238,10,23
396,225,91,125,2581.7,7.263,10,24
397,225,92,125,2586.8,7.271,10,23
398,229,92,126,2596.8,7.327,10,24
399,230,92,127,2604.1,7.293,10,24
400,228,91,127,2607.48,7.263,10,24
401,225,92,127,2617.83,7.238,10,23
402,225,91,128,2624.35,7.261,10,24
403,227,91,128,2630.59,7.239,10,24
404,227,91,128,2632.94,7.238,10,24
405,225,91,128,2643.11,7.213,10,24
406,227,91,128,2652.23,7.222,10,24
407,228,92,128,2657.83,7.213,10,24
408,228,91,129,2665.18,7.225,10,24
409,228,91,129,2672.51,7.238,10,24
410,228,91,130,2681.51,7.238,10,24
411,228,91,130,2687.05,7.238,10,24
412,228,91,131,2694.8,7.238,10,24
413,227,91,131,2702.29,7.238,10,24
414,226,92,132,2706.51,7.238,10,23
415,226,91,133,2716.37,7.263,10,24
416,229,91,133,2722.95,7.251,10,24
417,226,91,134,2729.62,7.217,10,24
418,225,91,134,2735.57,7.217,10,24
419,229,90,134,2743.93,7.238,10,24
420,228,90,134,2751.36,7.213,10,24
421,227,92,135,2757.38,7.247,10,24
422,228,91,135,2766.18,7.296,10,24
423,231,91,135,2771.31,7.289,10,24
424,226,91,136,2777.73,7.24,10,24
425,224,91,136,2781.97,7.238,10,24
426,224,91,136,2791.21,7.238,10,24
427,228,91,136,2796.46,7.262,10,24
428,228,92,136,2807.03,7.263,10,24
429,227,91,136,2814.67,7.228,10,24
430,226,92,136,2821.63,7.214,10,23
431,227,91,135,2827.43,7.238,10,24
432,230,91,135,2834.37,7.238,10,24
433,228,92,135,2843.93,7.274,10,24
434,229,92,135,2849.53,7.319,10,24
435,230,92,135,2855.7,7.324,10,24
436,228,92,135,2864.15,7.296,10,24
437,224,92,135,2868.49,7.289,10,23
438,225,92,136,2877.41,7.293,10,23
439,227,92,136,2883.43,7.311,10,24
440,229,92,137,2892.04,7.306,10,24
441,227,91,137,2899.46,7.273,10,24
442,225,92,137,2907.76,7.249,10,23
443,226,92,137,2912.72,7.239,10,23
444,227,92,138,2918.41,7.244,10,24
445,228,92,138,2924.84,7.257,10,24
446,228,91,138,2933.14,7.263,10,24
447,227,91,138,2939.87,7.263,10,24
448,226,93,138,2949.19,7.263,10,23
449,228,92,138,2956.25,7.288,10,24
450,229,91,138,2961.34,7.29,10,24
451,226,91,138,2970.98,7.263,10,24
452,224,91,138,2976.97,7.238,10,24
453,226,91,138,2981.91,7.238,10,24
454,229,91,138,2989.93,7.238,10,24
455,229,91,139,2998.31,7.238,10,24
456,228,91,139,3006.34,7.242,10,24
457,228,91,140,3011.07,7.263,10,24
458,228,92,140,3016.62,7.263,10,24
459,228,93,140,3025.3,7.294,10,23
460,230,92,140,3031.93,7.324,10,24
461,229,92,141,3039.39,7.318,10,24
462,225,91,141,3042.74,7.266,10,24
463,223,91,141,3054.45,7.238,10,23
464,227,91,141,3061.37,7.222,10,24
465,226,91,141,3066.68,7.231,10,24
466,228,91,141,3076.07,7.255,10,24
467,229,91,141,3081.25,7.244,10,24
468,227,90,140,3090.77,7.213,10,24
469,225,91,140,3096.98,7.189,10,24
470,225,92,140,3102.57,7.223,10,23
471,228,92,139,3111.6,7.263,10,24
472,230,92,139,3118.04,7.263,10,24
473,228,92,139,3124.87,7.284,10,24
474,228,91,139,3131.04,7.281,10,24
475,227,92,139,3136.97,7.263,10,24
476,224,92,140,3147.53,7.238,10,23
477,226,92,140,3154.13,7.282,10,23
478,230,92,140,3160.17,7.296,10,24
479,229,93,140,3166.79,7.325,10,24
480,227,92,140,3175.09,7.323,10,24
481,226,91,140,3182.01,7.273,10,24
482,225,91,140,3186.61,7.263,10,24
483,225,92,140,3196.64,7.238,10,23
484,226,92,140,3202.22,7.238,10,23
485,227,91,140,3208.56,7.238,10,24
486,228,92,140,3216.88,7.263,10,24
487,229,92,140,3223.18,7.263,10,24
488,229,92,140,3229.37,7.277,10,24
489,228,92,140,3237.93,7.263,10,24
490,227,91,140,3246.33,7.263,10,24
491,226,91,140,3250.91,7.242,10,24
492,227,91,140,3259.39,7.243,10,24
493,227,91,140,3266.75,7.238,10,24
494,227,90,140,3273.12,7.219,10,24
495,225,91,140,3279.98,7.186,10,24
496,225,92,140,3288.35,7.197,10,23
497,229,90,140,3294.37,7.238,10,24
498,230,93,139,3301.02,7.269,10,24
499,227,94,139,3309.4,7.395,10,23
500,216,93,139,3316.11,7.46,10,22
501,205,93,139,3322.13,7.435,10,21
502,190,93,138,3330.43,7.367,10,20
503,186,93,138,3336.79,7.351,10,19
504,189,92,138,3344.01,7.353,10,20
505,193,93,137,3350.48,7.365,10,20
506,197,94,137,3359.84,7.378,10,20
507,197,94,136,3365.54,7.377,10,20
508,196,92,136,3372.44,7.351,10,20
509,193,92,136,3379.45,7.324,10,20
510,194,92,136,3388.74,7.324,10,20
511,196,93,136,3391.79,7.347,10,20
512,198,93,137,3403.65,7.372,10,20
513,197,93,137,3410.25,7.351,10,20
514,195,92,137,3415.17,7.342,10,20
515,195,92,137,3423.87,7.325,10,20
516,195,93,138,3431.28,7.324,10,20
517,197,93,138,3437.13,7.342,10,20
518,198,92,138,3442.88,7.349,10,21
519,195,92,138,3448.85,7.338,10,20
520,193,92,138,3460.35,7.296,10,20
521,194,92,138,3464.79,7.29,10,20
522,196,93,137,3473.26,7.341,10,20
523,200,93,137,3479.66,7.38,10,21
524,200,92,136,3486.88,7.358,10,21
525,196,93,136,3494.35,7.322,10,20
526,192,92,136,3501.95,7.294,10,20
527,194,90,136,3509.86,7.267,10,21
528,195,91,136,3515.58,7.253,10,20
529,195,91,136,3520.9,7.242,10,20
530,196,91,136,3529.91,7.238,10,21
531,198,92,136,3534.25,7.249,10,21
532,197,92,136,3543.16,7.263,10,20
533,197,91,136,3551.43,7.263,10,21
534,197,92,136,3557.42,7.263,10,20
535,195,91,136,3565.8,7.263,10,20
536,198,92,135,3572.27,7.294,10,21
537,199,93,135,3578.97,7.329,10,20
538,200,91,135,3586.75,7.372,10,21
539,197,93,135,3593.32,7.351,10,20
540,193,93,135,3599.44,7.351,10,20
541,195,93,135,3608.38,7.353,10,20
542,197,92,135,3616.22,7.349,10,20
543,197,92,136,3619.62,7.353,10,20
544,196,92,136,3628.82,7.341,10,20
545,197,92,136,3634.71,7.349,10,20
546,195,93,136,3641.51,7.324,10,20
547,194,92,135,3651.12,7.327,10,20
548,195,93,135,3656.7,7.327,10,20
549,197,93,135,3662.86,7.345,10,20
550,199,93,135,3672.58,7.367,10,20
551,199,93,135,3677.61,7.38,10,20
552,197,93,135,3683.79,7.376,10,20
553,196,92,135,3694.02,7.348,10,20
554,194,93,135,3700.74,7.325,10,20
555,192,93,135,3706.59,7.33,10,20
556,196,92,135,3714.89,7.338,10,20
557,198,93,134,3722.19,7.352,10,20
558,198,93,134,3725.87,7.366,10,20
559,198,92,134,3738.13,7.35,10,21
560,195,92,134,3742.47,7.353,10,20
561,194,92,134,3750.76,7.327,10,20
562,194,92,134,3758.45,7.28,10,20
563,194,92,134,3764.4,7.25,10,20
564,195,91,133,3769.83,7.239,10,20
565,197,92,133,3780.16,7.263,10,20
566,199,91,133,3786.34,7.265,10,21
567,198,94,133,3792.8,7.33,10,20
568,199,92,133,3800.97,7.373,10,21
569,200,92,133,3807.52,7.339,10,21
570,196,92,134,3815.46,7.26,10,20
571,192,91,134,3819.62,7.235,10,20
572,193,91,134,3826.37,7.196,10,20
573,195,91,134,3833.18,7.187,10,20
574,196,91,135,3842.57,7.185,10,21
575,197,91,134,3847.7,7.21,10,21
576,199,92,134,3854.91,7.238,10,21
577,198,91,134,3864.02,7.238,10,21
578,197,91,134,3870.57,7.238,10,21
579,196,91,133,3878.04,7.238,10,21
580,196,91,133,3884.19,7.238,10,21
581,196,92,133,3891.59,7.238,10,20
582,196,92,133,3899.98,7.263,10,20
583,198,91,133,3906.31,7.289,10,21
584,197,92,133,3913.09,7.294,10,20
585,196,92,133,3918.93,7.295,10,20
586,195,92,132,3928.5,7.263,10,20
587,195,92,133,3933.3,7.3,10,20
588,196,91,133,3942.04,7.277,10,21
589,197,91,133,3948.74,7.243,10,21
590,195,90,133,3956.72,7.232,10,21
591,194,90,134,3963.37,7.192,9,21
592,194,88,134,3969.07,7.111,9,21
593,191,87,135,3974.99,7.014,9,21
594,189,88,136,3981.2,6.909,9,21
595,192,89,137,3987.57,6.938,9,21
596,202,89,138,3995.75,7.039,9,22
597,208,90,139,4003.83,7.096,9,22
598,205,90,141,4008.43,7.137,9,22
599,202,89,141,4016.67,7.218,9,22
600,201,92,143,4026.05,7.213,9,21
601,198,91,143,4030.36,7.213,9,21
602,194,91,143,4040.76,7.179,9,20
603,193,91,143,4045.96,7.188,9,20
604,193,90,143,4051.06,7.168,9,20
605,194,90,142,4057.96,7.126,9,21
606,194,89,142,4066.58,7.127,9,21
607,197,90,142,4074.0,7.134,9,21
608,198,92,141,4080.17,7.174,9,21
609,199,91,141,4088.88,7.238,9,21
610,199,91,141,4094.47,7.25,9,21
611,199,91,140,4101.43,7.268,9,21
612,197,93,140,4108.08,7.293,9,20
613,196,92,140,4116.47,7.295,9,20
614,195,92,139,4122.78,7.283,9,20
615,194,92,139,4127.03,7.263,9,20
616,195,91,139,4136.7,7.268,9,20
617,196,92,138,4145.42,7.296,9,20
618,197,90,138,4151.61,7.229,9,21
619,195,90,137,4157.21,7.118,9,21
620,206,91,137,4166.09,7.087,9,22
621,229,90,137,4171.85,7.118,9,24
622,235,90,137,4176.36,7.145,9,25
623,235,90,137,4186.47,7.158,9,25
624,231,90,137,4194.14,7.18,9,25
625,229,90,137,4200.56,7.203,9,24
626,229,91,137,4206.92,7.213,9,24
627,228,92,137,4214.37,7.224,9,24
628,229,92,136,4219.96,7.238,9,24
629,229,92,136,4229.0,7.263,9,24
630,229,92,136,4236.13,7.312,9,24
631,229,92,137,4241.22,7.317,9,24
632,228,92,137,4249.23,7.327,9,24
633,224,94,137,4257.05,7.325,9,23
634,229,93,137,4263.57,7.334,9,24
635,229,92,137,4270.1,7.344,9,24
636,227,92,138,4274.41,7.353,9,24
637,225,93,138,4284.71,7.349,9,23
638,227,93,138,4293.07,7.377,9,23
639,228,93,138,4299.45,7.38,9,23
640,227,93,138,4307.8,7.39,9,23
641,227,91,137,4314.04,7.352,9,24
642,224,93,137,4320.44,7.326,9,23
643,225,92,137,4328.49,7.328,9,23
644,228,93,138,4335.03,7.347,9,23
645,228,93,138,4341.92,7.327,9,23
646,226,93,138,4349.85,7.337,9,23
647,230,93,139,4358.22,7.37,9,24
648,231,93,139,4360.86,7.369,9,24
649,228,92,139,4372.46,7.355,9,24
650,226,93,140,4378.75,7.353,9,23
651,225,93,140,4384.44,7.353,9,23
652,227,93,140,4388.15,7.353,9,23
653,228,93,141,4394.66,7.368,9,23
654,228,92,141,4406.73,7.379,9,24
655,227,92,141,4412.53,7.352,9,24
656,227,93,141,4419.34,7.347,9,23
657,227,92,141,4424.49,7.351,9,24
658,227,93,140,4433.86,7.325,9,23
659,226,92,140,4440.31,7.328,9,23
660,227,93,140,4450.68,7.349,9,23
661,229,93,140,4457.19,7.377,9,24
662,229,92,140,4460.07,7.363,9,24
663,227,93,140,4471.47,7.325,9,23
664,226,92,140,4477.28,7.352,9,23
665,229,92,140,4486.19,7.377,9,24
666,228,93,140,4492.75,7.353,9,23
667,224,93,139,4500.42,7.325,9,23
668,225,92,139,4503.86,7.343,9,23
669,228,93,139,4513.79,7.349,9,23
670,229,93,140,4520.64,7.378,9,24
671,229,93,140,4526.86,7.377,9,24
672,228,92,140,4532.04,7.361,9,24
673,223,92,140,4543.2,7.265,9,23
674,223,92,140,4550.44,7.27,9,23
675,228,92,139,4554.85,7.305,9,24
676,232,93,139,4563.71,7.352,9,24
677,229,93,139,4570.53,7.338,9,24
678,228,93,139,4575.75,7.327,9,23
679,227,93,139,4585.25,7.325,9,23
680,227,93,139,4592.0,7.344,9,23
681,228,92,139,4599.72,7.353,9,24
682,229,94,139,4604.95,7.375,9,23
683,229,93,140,4613.76,7.377,9,24
684,229,92,141,4622.8,7.376,9,24
685,226,93,141,4628.38,7.38,9,23
686,227,93,141,4635.68,7.355,9,23
687,227,93,141,4643.29,7.388,9,23
688,229,93,141,4648.23,7.383,9,24
689,228,92,142,4656.38,7.367,9,24
690,225,92,142,4663.01,7.325,9,23
691,224,93,142,4671.4,7.324,9,23
692,227,93,141,4677.63,7.345,9,23
693,230,92,141,4684.17,7.378,9,24
694,229,93,141,4693.2,7.378,9,24
695,228,93,141,4697.79,7.38,9,23
696,227,92,141,4707.84,7.309,9,24
697,223,92,141,4711.75,7.273,9,23
698,225,92,142,4717.68,7.287,9,23
699,228,92,142,4726.67,7.316,9,24
700,229,92,142,4734.47,7.349,9,24
701,230,92,142,4741.58,7.344,9,24
702,228,92,142,4750.34,7.309,9,24
703,226,92,142,4755.95,7.269,9,23
704,225,92,142,4763.88,7.263,9,23
705,228,92,142,4771.0,7.284,9,24
706,229,92,142,4776.84,7.29,9,24
707,229,91,142,4786.49,7.263,9,24
708,227,92,142,4789.4,7.263,9,24
709,227,91,142,4795.46,7.263,9,24
710,228,92,142,4806.13,7.263,9,24
711,229,93,142,4812.2,7.303,9,24
712,231,92,142,4818.66,7.376,9,24
713,231,93,142,4827.83,7.375,9,24
714,228,92,142,4835.4,7.38,9,24
715,226,91,142,4840.99,7.324,9,24
716,223,91,142,4847.98,7.229,9,23
717,220,91,142,4855.47,7.186,9,23
718,225,91,142,4860.8,7.18,9,24
719,228,91,142,4867.68,7.159,9,24
720,228,90,142,4871.94,7.131,9,24
721,228,93,142,4885.38,7.187,9,23
722,230,91,142,4891.26,7.285,9,24
723,233,92,141,4898.4,7.324,9,24
724,231,92,141,4905.31,7.285,9,24
725,225,91,141,4912.77,7.259,9,24
726,224,91,141,4918.1,7.238,9,24
727,226,92,141,4923.1,7.242,9,23
728,229,92,141,4933.07,7.266,9,24
729,230,93,140,4934.75,7.287,9,24
730,228,91,140,4948.32,7.263,9,24
731,225,93,140,4956.37,7.263,9,23
732,225,92,141,4960.89,7.289,9,23
733,227,92,141,4967.79,7.294,9,24
734,228,92,141,4977.26,7.295,9,24
735,227,93,141,4982.48,7.308,9,23
736,228,92,142,4988.86,7.327,9,24
737,228,93,141,4997.82,7.299,9,23
738,226,94,141,5003.51,7.331,9,23
739,223,93,141,5011.31,7.417,9,23
740,215,94,141,5018.38,7.467,9,22
741,199,95,141,5026.62,7.486,9,20
742,191,95,140,5030.78,7.48,9,19
743,189,93,141,5041.28,7.418,9,19
744,190,93,141,5047.99,7.384,9,20
745,190,92,141,5054.47,7.346,9,20
746,192,91,141,5061.74,7.285,9,20
747,192,91,141,5068.66,7.25,9,20
748,193,92,141,5074.71,7.266,9,20
749,199,93,141,5081.28,7.344,9,20
750,202,93,141,5090.52,7.378,9,21
751,199,92,141,5098.06,7.351,9,21
752,194,94,141,5104.5,7.352,9,20
753,195,93,140,5112.71,7.427,9,20
754,200,92,140,5120.11,7.404,9,21
755,196,92,140,5125.3,7.315,9,20
756,191,93,140,5133.79,7.297,9,20
757,191,93,140,5141.73,7.289,9,20
758,196,92,140,5147.68,7.327,9,20
759,198,92,140,5154.8,7.305,9,21
760,196,92,139,5162.53,7.263,9,20
761,194,92,139,5168.59,7.252,9,20
762,196,92,139,5175.54,7.267,9,20
763,198,92,139,5182.1,7.293,9,21
764,199,91,139,5190.53,7.259,9,21
765,197,91,139,5197.85,7.238,9,21
766,194,93,139,5203.45,7.238,9,20
767,197,92,139,5211.36,7.263,9,20
768,198,93,139,5218.07,7.263,9,20
769,198,92,138,5226.27,7.309,9,21
770,199,92,138,5232.71,7.327,9,21
771,198,92,138,5239.76,7.295,9,21
772,195,93,138,5247.12,7.321,9,20
773,198,94,137,5253.6,7.387,9,20
774,200,93,137,5261.15,7.401,9,21
775,199,93,137,5268.19,7.409,9,20
776,197,92,137,5275.15,7.413,9,20
777,195,92,137,5283.0,7.339,9,20
778,190,91,138,5289.86,7.2,9,20
779,187,93,138,5297.33,7.187,9,19
780,197,92,138,5304.76,7.302,9,20
781,207,93,138,5310.99,7.393,9,21
782,205,93,138,5317.33,7.402,9,21
783,201,93,137,5323.0,7.387,9,21
784,194,93,137,5330.1,7.352,9,20
785,191,93,136,5338.65,7.287,9,20
786,192,94,136,5343.25,7.263,9,20
787,196,93,135,5353.88,7.345,9,20
788,202,93,135,5361.82,7.399,9,21
789,200,93,135,5368.97,7.401,9,21
790,197,92,135,5375.58,7.376,9,20
791,194,92,135,5381.91,7.323,9,20
792,192,92,135,5390.14,7.291,9,20
793,193,92,135,5397.15,7.292,9,20
794,197,92,135,5403.32,7.295,9,20
795,199,92,134,5409.11,7.289,9,21
796,198,92,134,5417.49,7.29,9,21
797,198,94,134,5424.66,7.332,9,20
798,200,94,134,5434.13,7.407,9,20
799,201,94,134,5439.71,7.459,9,20
800,202,94,135,5446.95,7.456,9,21
801,196,95,135,5454.89,7.447,9,20
802,194,93,135,5461.67,7.405,9,20
803,193,93,135,5466.37,7.382,9,20
804,192,94,136,5473.89,7.376,9,20
805,195,93,136,5479.47,7.394,9,20
806,198,93,136,5488.96,7.43,9,20
807,198,93,135,5498.68,7.398,9,20
808,194,92,136,5503.16,7.366,9,20
809,191,93,136,5508.75,7.304,9,20
810,193,93,136,5519.14,7.342,9,20
811,195,92,136,5526.79,7.349,9,20
812,198,94,136,5533.11,7.367,9,20
813,198,93,136,5541.05,7.376,9,20
814,198,93,136,5545.75,7.406,9,20
815,198,95,135,5552.93,7.412,9,20
816,198,94,135,5562.52,7.444,9,20
817,197,94,134,5569.33,7.412,9,20
818,193,93,134,5576.88,7.37,9,20
819,193,93,134,5582.13,7.345,9,20
820,195,93,134,5589.65,7.327,9,20
821,195,92,134,5598.15,7.311,9,20
822,194,92,134,5604.56,7.263,9,20
823,193,93,134,5611.33,7.288,9,20
824,196,93,134,5620.88,7.355,9,20
825,200,93,135,5625.47,7.38,9,21
826,197,93,134,5629.69,7.371,9,20
827,195,93,134,5638.2,7.349,9,20
828,195,93,134,5648.74,7.378,9,20
829,197,93,134,5654.39,7.372,9,20
830,196,93,134,5663.22,7.325,9,20
831,194,92,134,5668.78,7.316,9,20
832,194,91,134,5673.85,7.263,9,20
833,195,93,134,5683.66,7.272,9,20
834,196,93,134,5690.72,7.313,9,20
835,200,93,134,5696.91,7.353,9,21
836,200,92,134,5704.57,7.335,9,21
837,196,93,133,5713.5,7.321,9,20
838,192,92,133,5717.7,7.289,9,20
839,195,92,133,5726.17,7.305,9,20
840,197,94,133,5731.56,7.36,9,20
841,199,93,134,5739.09,7.375,9,20
842,202,90,134,5744.02,7.298,9,21
843,184,91,134,5750.29,7.17,9,19
844,186,90,134,5760.11,7.101,9,20
845,198,90,135,5765.49,7.12,9,21
846,201,94,135,5772.67,7.223,9,20
847,209,92,137,5781.5,7.35,9,22
848,206,92,137,5790.39,7.337,9,21
849,192,91,138,5795.84,7.272,9,20
850,190,92,140,5802.19,7.238,9,20
851,192,93,140,5811.2,7.255,9,20
852,198,94,140,5816.87,7.355,9,20
853,202,94,140,5825.25,7.434,9,21
854,203,93,140,5833.64,7.452,9,21
855,195,93,140,5840.11,7.383,9,20
856,189,93,140,5848.15,7.326,9,19
857,192,94,140,5854.65,7.363,9,20
858,197,94,140,5861.4,7.4,9,20
859,203,93,140,5867.75,7.367,9,21
860,211,94,139,5874.65,7.338,9,21
861,222,93,139,5883.7,7.35,9,23
862,232,93,139,5888.73,7.353,9,24
863,230,93,138,5896.66,7.379,9,24
864,229,92,138,5903.92,7.363,9,24
865,227,92,138,5911.38,7.326,9,24
866,225,92,138,5918.21,7.287,9,23
867,225,92,138,5924.11,7.264,9,23
868,228,91,138,5931.8,7.256,9,24
869,227,93,138,5938.73,7.238,9,23
870,227,93,139,5946.44,7.272,9,23
871,229,92,139,5955.43,7.297,9,24
872,232,92,139,5959.77,7.292,9,24
873,227,91,139,5966.66,7.273,9,24
874,226,93,139,5976.5,7.263,9,23
875,227,92,139,5981.79,7.282,9,24
876,230,91,139,5989.16,7.318,9,24
877,228,91,138,5997.57,7.268,9,24
878,225,91,138,6003.59,7.213,9,24
879,223,90,138,6009.17,7.2,9,24
880,225,90,138,6014.4,7.159,9,24
881,226,90,138,6024.09,7.13,9,24
882,227,91,138,6029.51,7.136,9,24
883,230,90,139,6038.45,7.141,9,24
884,231,90,139,6045.94,7.154,9,25
885,229,90,139,6051.71,7.15,9,24
886,227,91,139,6058.55,7.184,9,24
887,229,91,139,6062.87,7.212,9,24
888,230,91,140,6070.71,7.238,9,24
889,229,91,140,6078.19,7.238,9,24
890,228,91,140,6086.52,7.238,9,24
891,227,91,140,6094.3,7.238,9,24
892,226,93,140,6101.11,7.256,9,23
893,229,92,140,6108.86,7.299,9,24
894,231,92,141,6116.62,7.325,9,24
895,228,93,141,6123.49,7.353,9,23
896,228,93,141,6129.08,7.353,9,23
897,227,91,142,6137.97,7.294,9,24
898,222,93,142,6142.65,7.263,9,23
899,223,91,142,6149.4,7.263,9,23
900,226,91,143,6156.77,7.234,9,24
901,225,92,143,6163.25,7.213,9,23
902,227,91,143,6173.21,7.244,9,24
903,230,92,144,6178.39,7.263,9,24
904,228,91,144,6186.69,7.232,9,24
905,226,91,143,6192.63,7.213,9,24
906,225,91,143,6200.87,7.213,9,24
907,227,91,143,6205.79,7.213,9,24
908,227,91,144,6211.12,7.214,9,24
909,227,91,144,6217.64,7.217,9,24
910,229,91,144,6228.71,7.238,9,24
911,229,93,144,6233.22,7.266,9,24
912,229,91,144,6241.46,7.289,9,24
913,229,92,144,6249.84,7.283,9,24
914,227,90,144,6256.64,7.244,9,24
915,224,91,144,6263.62,7.201,9,24
916,224,90,144,6268.38,7.165,9,24
917,224,90,144,6277.63,7.122,9,24
918,224,91,144,6285.03,7.115,9,24
919,228,91,144,6289.61,7.144,9,24
920,231,90,144,6294.37,7.172,9,25
921,230,91,145,6304.39,7.206,9,24
922,229,93,145,6312.17,7.231,9,24
923,230,92,145,6317.33,7.323,9,24
924,233,91,144,6327.62,7.323,9,24
925,230,92,144,6334.02,7.266,9,24
926,224,90,144,6339.62,7.205,9,24
927,221,90,144,6345.89,7.176,9,23
928,224,91,144,6352.9,7.153,9,24
929,230,92,144,6361.11,7.221,9,24
930,234,91,144,6367.49,7.288,9,25
931,229,91,144,6373.82,7.254,9,24
932,225,91,144,6382.13,7.185,9,24
933,223,89,145,6389.92,7.116,9,24
934,223,89,145,6396.66,7.086,9,24
935,225,90,145,6402.82,7.051,9,24
936,228,90,145,6408.41,7.062,9,24
937,231,91,145,6414.06,7.093,9,24
938,234,91,145,6422.32,7.171,9,25
939,234,91,145,6431.63,7.213,9,25
940,228,90,145,6436.3,7.196,9,24
941,225,90,145,6445.37,7.144,9,24
942,223,90,146,6451.84,7.126,9,24
943,226,90,146,6459.52,7.135,9,24
944,228,93,146,6466.4,7.15,9,23
945,230,92,145,6473.83,7.213,9,24
946,230,90,145,6479.01,7.201,9,24
947,226,90,145,6488.78,7.153,9,24
948,225,92,144,6494.37,7.176,9,23
949,230,92,144,6499.98,7.24,9,24
950,233,93,144,6506.72,7.296,9,24
951,231,92,144,6516.59,7.299,9,24
952,227,93,145,6520.85,7.324,9,23
953,225,92,145,6529.46,7.29,9,23
954,224,92,145,6537.85,7.297,9,23
955,226,93,145,6545.23,7.318,9,23
956,229,93,144,6551.51,7.36,9,24
957,228,92,144,6556.23,7.363,9,24
958,226,91,144,6563.1,7.327,9,24
959,223,92,144,6572.0,7.27,9,23
960,223,92,144,6579.4,7.257,9,23
961,224,92,144,6586.16,7.252,9,23
962,227,91,144,6594.05,7.256,9,24
963,227,92,144,6599.91,7.226,9,24
964,226,90,144,6607.2,7.213,9,24
965,226,90,145,6615.62,7.15,9,24
966,224,91,145,6619.81,7.138,9,24
967,227,91,145,6629.34,7.143,9,24
968,230,91,145,6636.58,7.152,9,24
969,231,93,144,6642.16,7.207,9,24
970,232,92,144,6651.2,7.299,9,24
971,232,91,144,6656.21,7.322,9,24
972,229,91,144,6659.93,7.305,9,24
973,225,92,144,6665.5,7.28,9,23
974,224,91,145,6678.66,7.263,9,24
975,227,92,144,6685.01,7.287,9,24
976,228,92,145,6693.35,7.275,9,24
977,227,93,144,6699.31,7.263,9,23
978,226,93,144,6705.15,7.287,9,23
979,226,93,144,6713.95,7.439,9,23
980,219,93,143,6719.54,7.444,9,22
981,197,94,143,6728.97,7.402,9,20
982,187,93,142,6736.25,7.38,9,19
983,189,93,142,6741.83,7.38,9,19
984,194,94,142,6749.46,7.385,9,20
985,197,94,142,6758.54,7.428,9,20
986,198,95,142,6764.13,7.496,9,20
987,199,94,142,6771.1,7.51,9,20
988,196,93,141,6779.56,7.476,9,20
989,190,93,141,6786.43,7.367,9,20
990,187,92,141,6792.19,7.289,9,19
991,190,93,141,6799.38,7.294,9,20
992,196,93,141,6806.89,7.313,9,20
993,199,93,140,6813.53,7.337,9,20
994,198,93,140,6818.07,7.359,9,20
995,198,93,139,6828.43,7.405,9,20
996,200,94,139,6832.62,7.433,9,20
997,198,95,138,6842.54,7.491,9,20
998,198,92,138,6851.01,7.51,9,21
999,195,93,138,6858.65,7.433,9,20
1000,191,92,137,6864.29,7.363,9,20
1001,188,92,137,6871.47,7.282,9,20
1002,190,92,137,6880.24,7.24,9,20
1003,193,92,137,6886.72,7.246,9,20
1004,197,92,137,6892.39,7.263,9,20
1005,199,92,137,6899.34,7.263,9,21
1006,199,93,137,6906.06,7.263,9,20
1007,198,92,137,6914.07,7.298,9,21
1008,199,93,138,6922.45,7.341,9,20
1009,201,94,138,6928.62,7.408,9,20
1010,201,93,138,6935.1,7.431,9,21
1011,200,93,138,6941.88,7.411,9,21
1012,196,94,138,6950.89,7.377,9,20
1013,195,94,139,6956.5,7.401,9,20
1014,196,93,139,6962.7,7.402,9,20
1015,197,93,139,6973.18,7.383,9,20
1016,194,94,139,6978.64,7.384,9,20
1017,195,95,139,6985.29,7.426,9,20
1018,199,95,138,6993.36,7.486,9,20
1019,200,94,138,7000.24,7.511,9,20
1020,198,93,137,7008.63,7.478,9,20
1021,197,94,137,7017.02,7.438,9,20
1022,195,95,137,7023.39,7.433,9,20
1023,193,94,137,7030.34,7.495,9,20
1024,197,95,138,7036.46,7.51,9,20
1025,197,95,138,7044.35,7.485,9,20
1026,195,94,138,7050.63,7.498,9,20
1027,194,93,138,7059.06,7.434,9,20
1028,191,93,138,7065.91,7.405,9,20
1029,192,94,138,7074.51,7.385,9,20
1030,196,94,138,7080.07,7.424,9,20
1031,199,93,138,7086.62,7.429,9,20
1032,197,94,138,7094.46,7.419,9,20
1033,195,93,138,7100.85,7.391,9,20
1034,195,93,137,7109.62,7.361,9,20
1035,195,94,137,7116.18,7.353,9,20
1036,195,92,137,7123.31,7.316,9,20
1037,195,92,137,7127.28,7.274,9,20
1038,195,93,136,7138.9,7.263,9,20
1039,197,92,136,7145.36,7.263,9,20
1040,199,92,136,7150.95,7.327,9,21
1041,201,93,137,7159.81,7.323,9,21
1042,199,92,137,7165.23,7.289,9,21
1043,196,92,137,7174.62,7.323,9,20
1044,197,93,137,7178.95,7.328,9,20
1045,198,92,138,7187.87,7.352,9,21
1046,197,93,137,7193.57,7.353,9,20
1047,196,92,137,7200.82,7.351,9,20
1048,195,93,137,7208.27,7.349,9,20
1049,195,94,137,7216.67,7.397,9,20
1050,198,94,137,7224.81,7.427,9,20
1051,198,94,138,7230.38,7.417,9,20
1052,195,93,138,7236.41,7.39,9,20
1053,191,91,139,7242.69,7.309,9,20
1054,191,92,139,7248.83,7.288,9,20
1055,195,92,140,7259.44,7.274,9,20
1056,198,91,140,7264.32,7.294,9,21
1057,199,91,140,7269.87,7.294,9,21
1058,197,92,139,7279.72,7.263,9,20
1059,196,92,139,7288.12,7.295,9,20
1060,196,92,139,7293.14,7.263,9,20
1061,196,92,139,7302.19,7.263,9,20
1062,196,92,139,7309.14,7.286,9,20
1063,198,93,139,7314.39,7.32,9,20
1064,199,92,139,7323.69,7.325,9,21
1065,197,92,138,7330.17,7.327,9,20
1066,194,92,138,7336.7,7.313,9,20
1067,195,92,137,7344.56,7.296,9,20
1068,195,92,137,7351.2,7.259,9,20
1069,195,91,136,7357.96,7.238,9,20
1070,194,90,136,7364.74,7.213,9,21
1071,195,95,136,7371.12,7.248,9,20
1072,201,95,136,7378.76,7.364,9,20
1073,208,93,136,7387.21,7.433,9,21
1074,196,93,136,7394.89,7.371,9,20
1075,190,93,135,7400.47,7.339,9,20
1076,191,92,134,7405.12,7.301,9,20
1077,195,90,133,7413.89,7.256,9,21
1078,194,91,133,7416.68,7.239,9,20
1079,199,95,132,7429.71,7.429,9,20
1080,211,96,132,7437.35,7.561,9,21
1081,209,93,133,7443.63,7.491,9,21
1082,187,92,133,7452.03,7.353,9,19
1083,183,92,134,7456.37,7.287,9,19
1084,191,90,134,7466.66,7.186,9,20
1085,194,90,135,7473.07,7.129,9,21
1086,194,91,137,7479.93,7.118,9,20
1087,199,91,137,7487.78,7.22,9,21
1088,205,91,139,7494.56,7.263,9,22
1089,204,92,139,7500.28,7.289,9,21
1090,198,92,140,7507.27,7.293,9,21
1091,195,91,140,7512.54,7.275,9,20
1092,194,91,140,7519.33,7.263,9,20
1093,193,92,140,7529.35,7.238,9,20
1094,196,91,140,7536.15,7.238,9,21
1095,197,91,140,7542.67,7.215,9,21
1096,195,91,139,7550.48,7.17,9,20
1097,194,91,139,7557.17,7.178,9,20
1098,199,90,139,7560.77,7.205,9,21
1099,202,89,139,7570.55,7.13,9,22
1100,208,90,139,7576.14,7.03,9,22
1101,218,91,139,7582.17,7.075,9,23
1102,234,91,139,7590.9,7.152,9,25
1103,241,90,139,7598.36,7.213,9,26
1104,232,92,139,7605.53,7.215,9,24
1105,228,91,139,7613.92,7.238,9,24
1106,228,92,139,7621.89,7.238,9,24
1107,228,90,139,7626.55,7.221,9,24
1108,226,90,139,7633.12,7.185,9,24
1109,223,89,139,7639.46,7.137,9,24
1110,223,90,140,7644.14,7.103,9,24
1111,226,90,140,7651.99,7.096,9,24
1112,230,89,140,7662.26,7.101,9,25
1113,227,90,140,7667.17,7.086,9,24
1114,227,90,140,7675.13,7.099,9,24
1115,229,90,141,7682.79,7.104,9,24
1116,231,89,141,7689.61,7.126,9,25
1117,229,90,141,7695.89,7.127,9,24
1118,227,90,141,7701.96,7.128,9,24
1119,227,90,141,7710.41,7.13,9,24
1120,227,90,141,7716.93,7.124,9,24
1121,227,91,142,7723.27,7.151,9,24
1122,228,91,142,7730.87,7.213,9,24
1123,230,91,142,7737.87,7.213,9,24
1124,227,91,142,7744.29,7.199,9,24
1125,225,92,142,7752.69,7.215,9,23
1126,226,91,142,7760.17,7.238,9,24
1127,229,91,142,7765.77,7.253,9,24
1128,229,92,141,7771.64,7.282,9,24
1129,229,92,141,7780.02,7.323,9,24
1130,227,91,141,7784.93,7.294,9,24
1131,224,91,141,7794.73,7.243,9,24
1132,223,91,142,7802.7,7.238,9,23
1133,226,91,142,7807.71,7.238,9,24
1134,228,92,142,7815.76,7.238,9,24
1135,228,92,142,7822.91,7.238,9,24
1136,228,92,142,7830.33,7.261,9,24
1137,228,91,142,7836.64,7.263,9,24
1138,227,90,142,7843.65,7.226,9,24
1139,224,91,142,7850.8,7.175,9,24
1140,224,92,142,7856.39,7.15,9,23
1141,226,91,142,7862.02,7.213,9,24
1142,231,91,142,7871.55,7.252,9,24
1143,232,90,142,7876.95,7.235,9,25
1144,226,90,143,7885.66,7.194,9,24
1145,224,90,143,7893.32,7.176,9,24
1146,225,91,143,7898.91,7.167,9,24
1147,228,91,143,7906.0,7.187,9,24
1148,229,91,143,7912.66,7.184,9,24
1149,229,91,143,7920.62,7.206,9,24
1150,228,91,144,7927.0,7.218,9,24
1151,229,90,144,7933.77,7.216,9,24
1152,226,90,144,7942.81,7.163,9,24
1153,225,90,144,7948.39,7.128,9,24
1154,224,91,145,7955.32,7.137,9,24
1155,228,91,145,7963.05,7.186,9,24
1156,232,91,145,7969.31,7.212,9,24
1157,230,90,145,7977.61,7.189,9,24
1158,227,89,145,7981.89,7.15,9,24
1159,224,90,145,7990.93,7.092,9,24
1160,224,90,145,7996.57,7.09,9,24
1161,229,89,146,8001.8,7.098,9,25
1162,229,89,146,8004.18,7.091,9,25
1163,227,89,146,8018.37,7.071,9,24
1164,227,89,146,8025.79,7.049,9,24
1165,227,89,146,8031.61,7.051,9,24
1166,228,89,145,8040.08,7.054,9,24
1167,228,89,145,8042.85,7.067,9,24
1168,229,89,145,8051.98,7.08,9,25
1169,228,90,145,8060.61,7.066,9,24
1170,227,89,145,8066.23,7.084,9,24
1171,227,89,145,8072.27,7.091,9,24
1172,229,89,145,8079.49,7.093,9,25
1173,228,90,145,8087.85,7.082,9,24
1174,227,89,145,8091.88,7.086,9,24
1175,227,89,145,8101.65,7.087,9,24
1176,227,89,145,8108.75,7.094,9,24
1177,228,89,145,8114.19,7.101,9,24
1178,228,90,144,8121.68,7.128,9,24
1179,228,90,143,8128.95,7.126,9,24
1180,228,90,142,8133.52,7.147,9,24
1181,227,90,142,8143.55,7.131,9,24
1182,227,90,140,8147.7,7.15,9,24
1183,227,90,139,8151.05,7.15,9,24
1184,227,90,138,8163.75,7.128,9,24
1185,227,89,138,8169.65,7.115,9,24
1186,226,89,139,8175.65,7.097,9,24
1187,225,89,139,8182.68,7.053,9,24
1188,226,89,140,8191.73,7.056,9,24
1189,229,90,140,8196.77,7.089,9,24
1190,230,90,141,8204.39,7.11,9,24
1191,230,91,141,8211.04,7.174,9,24
1192,231,91,141,8219.43,7.219,9,24
1193,230,91,142,8226.58,7.223,9,24
1194,227,90,142,8232.17,7.213,9,24
1195,225,91,142,8240.44,7.166,9,24
1196,224,90,143,8245.18,7.15,9,24
1197,225,90,143,8253.08,7.152,9,24
1198,226,90,143,8261.45,7.126,9,24
1199,226,91,144,8267.79,7.127,9,24
1200,227,90,144,8274.69,7.144,9,24
1201,228,89,144,8281.87,7.117,9,24
1202,226,90,144,8287.95,7.099,9,24
1203,223,90,145,8294.71,7.089,9,24
1204,224,90,145,8300.05,7.084,9,24
1205,225,89,145,8305.99,7.08,9,24
1206,227,90,145,8315.4,7.088,9,24
1207,230,89,145,8322.35,7.118,9,25
1208,230,89,145,8329.78,7.095,9,25
1209,228,90,145,8335.81,7.084,9,24
1210,225,89,145,8344.38,7.089,9,24
1211,227,89,145,8350.0,7.089,9,24
1212,228,90,145,8358.09,7.088,9,24
1213,228,90,145,8364.54,7.124,9,24
1214,228,90,145,8370.34,7.132,9,24
1215,228,90,145,8377.1,7.153,9,24
1216,227,90,145,8386.25,7.165,9,24
1217,228,90,145,8391.86,7.182,9,24
1218,228,91,145,8398.26,7.152,9,24
1219,224,91,145,8407.15,7.239,9,24
1220,215,92,145,8411.65,7.314,9,22
1221,204,92,145,8420.73,7.325,9,21
1222,194,92,145,8429.45,7.317,9,20
1223,189,92,145,8434.08,7.252,9,20
1224,189,92,145,8441.21,7.244,9,20
1225,192,91,144,8449.17,7.255,9,20
1226,195,90,144,8456.47,7.263,9,21
1227,195,91,145,8461.82,7.203,9,20
1228,194,91,144,8469.9,7.186,9,20
1229,194,92,144,8477.99,7.218,9,20
1230,196,92,144,8484.63,7.281,9,20
1231,200,92,144,8490.66,7.326,9,21
1232,200,92,145,8497.79,7.326,9,21
1233,197,92,145,8506.82,7.288,9,20
1234,194,92,145,8512.42,7.263,9,20
1235,193,92,145,8520.05,7.238,9,20
1236,195,92,145,8527.45,7.251,9,20
1237,197,91,144,8532.72,7.263,9,21
1238,198,91,144,8539.92,7.263,9,21
1239,197,93,144,8546.56,7.263,9,20
1240,196,92,144,8554.95,7.274,9,20
1241,197,93,143,8560.93,7.294,9,20
1242,197,92,143,8570.5,7.293,9,20
1243,195,92,143,8577.24,7.29,9,20
1244,196,93,143,8582.99,7.327,9,20
1245,198,92,143,8589.98,7.322,9,21
1246,197,93,143,8595.2,7.325,9,20
1247,196,93,143,8604.03,7.325,9,20
1248,196,93,143,8612.19,7.353,9,20
1249,197,92,143,8618.79,7.351,9,20
1250,196,93,143,8625.35,7.33,9,20
1251,194,92,143,8632.34,7.326,9,20
1252,195,92,143,8641.96,7.323,9,20
1253,196,93,143,8648.27,7.327,9,20
1254,197,93,143,8654.61,7.353,9,20
1255,197,92,143,8662.27,7.342,9,20
1256,195,92,142,8669.29,7.307,9,20
1257,194,92,142,8676.91,7.279,9,20
1258,194,92,142,8681.74,7.277,9,20
1259,196,92,142,8690.31,7.296,9,20
1260,197,92,141,8697.07,7.317,9,20
1261,197,91,141,8704.81,7.319,9,21
1262,195,92,140,8711.33,7.277,9,20
1263,194,91,140,8719.19,7.238,9,20
1264,194,92,140,8723.63,7.238,9,20
1265,198,91,140,8731.89,7.238,9,21
1266,199,91,139,8737.04,7.238,9,21
1267,197,92,139,8744.52,7.238,9,20
1268,197,92,139,8753.31,7.254,9,20
1269,198,92,139,8760.35,7.295,9,21
1270,198,91,138,8769.04,7.289,9,21
1271,195,92,139,8776.32,7.263,9,20
1272,194,92,139,8782.17,7.23,9,20
1273,194,93,139,8788.11,7.225,9,20
1274,197,91,139,8796.62,7.263,9,21
1275,199,92,139,8801.44,7.263,9,21
1276,197,92,139,8810.01,7.263,9,20
1277,196,92,139,8817.33,7.278,9,20
1278,197,92,139,8824.83,7.297,9,20
1279,198,92,139,8832.31,7.294,9,21
1280,197,92,139,8837.96,7.269,9,20
1281,195,92,139,8843.52,7.263,9,20
1282,195,94,139,8851.73,7.302,9,20
1283,200,93,139,8860.23,7.38,9,21
1284,200,92,139,8866.87,7.386,9,21
1285,194,92,139,8873.18,7.322,9,20
1286,190,92,139,8880.47,7.265,9,20
1287,191,92,140,8887.54,7.238,9,20
1288,196,92,140,8893.63,7.243,9,20
1289,198,90,140,8902.33,7.241,9,21
1290,196,91,141,8909.73,7.15,9,21
1291,192,91,142,8915.33,7.126,9,20
1292,195,90,142,8924.36,7.176,9,21
1293,202,90,144,8928.93,7.206,9,21
1294,200,91,144,8934.32,7.213,9,21
1295,197,91,144,8944.45,7.213,9,21
1296,196,90,144,8952.26,7.203,9,21
1297,196,90,143,8957.85,7.188,9,21
1298,195,90,143,8965.68,7.152,9,21
1299,196,91,143,8973.28,7.173,9,21
1300,197,91,143,8979.84,7.203,9,21
1301,199,91,143,8984.22,7.223,9,21
1302,198,90,143,8993.9,7.212,9,21
1303,195,90,144,9001.27,7.162,9,21
1304,193,90,144,9007.15,7.121,9,20
1305,192,90,144,9012.59,7.091,9,20
1306,194,90,145,9022.4,7.113,9,21
1307,201,91,144,9028.15,7.179,9,21
1308,202,92,144,9032.08,7.235,9,21
1309,203,90,144,9041.36,7.275,9,22
1310,201,90,144,9048.47,7.207,9,21
1311,188,92,144,9055.34,7.133,9,20
1312,190,90,143,9064.44,7.179,9,20
1313,195,90,143,9071.44,7.221,9,21
1314,199,91,143,9077.1,7.22,9,21
1315,195,92,143,9084.53,7.238,9,20
1316,196,91,143,9089.79,7.238,9,21
1317,196,91,144,9098.14,7.213,9,21
1318,194,91,144,9105.31,7.213,9,20
1319,198,91,144,9110.4,7.213,9,21
1320,198,92,144,9119.31,7.249,9,21
1321,199,92,144,9125.46,7.263,9,21
1322,197,92,144,9132.18,7.263,9,20
1323,194,92,144,9139.61,7.263,9,20
1324,197,93,143,9148.52,7.32,9,20
1325,199,93,143,9155.13,7.376,9,20
1326,199,92,142,9163.27,7.368,9,21
1327,195,92,141,9169.76,7.33,9,20
1328,193,91,141,9173.25,7.298,9,20
1329,192,91,140,9181.63,7.27,9,20
1330,195,91,139,9191.55,7.303,9,20
1331,198,92,139,9194.91,7.327,9,21
1332,199,92,139,9205.02,7.323,9,21
1333,196,91,139,9213.7,7.283,9,21
1334,193,92,139,9217.95,7.238,9,20
1335,193,91,140,9227.44,7.238,9,20
1336,196,90,140,9234.58,7.238,9,21
1337,199,92,140,9240.16,7.248,9,21
1338,198,91,140,9245.76,7.243,9,21
1339,202,89,140,9251.91,7.189,9,22
1340,209,92,140,9260.78,7.143,9,22
1341,229,91,140,9264.94,7.202,9,24
1342,240,90,141,9276.7,7.263,9,25
1343,234,90,141,9281.42,7.253,9,25
1344,226,91,141,9289.78,7.213,9,24
1345,226,91,141,9297.3,7.238,9,24
1346,228,91,140,9304.07,7.223,9,24
1347,228,92,140,9311.95,7.213,9,24
1348,227,91,140,9317.54,7.228,9,24
1349,229,91,140,9325.13,7.262,9,24
1350,230,92,139,9329.44,7.263,9,24
1351,228,91,139,9337.35,7.248,9,24
1352,226,92,139,9345.04,7.213,9,23
1353,225,89,139,9354.04,7.181,9,24
1354,225,90,139,9360.0,7.172,9,24
1355,227,90,139,9367.19,7.176,9,24
1356,228,91,139,9374.71,7.172,9,24
1357,226,94,140,9379.02,7.168,9,23
1358,228,89,140,9387.95,7.176,9,24
1359,228,90,140,9393.05,7.142,9,24
1360,225,89,140,9402.43,7.098,9,24
1361,226,90,141,9408.13,7.113,9,24
1362,229,90,141,9415.51,7.101,9,24
1363,229,90,141,9422.8,7.101,9,24
1364,228,90,141,9428.4,7.101,9,24
1365,228,90,141,9437.44,7.099,9,24
1366,229,90,142,9443.03,7.101,9,24
1367,227,90,142,9451.27,7.099,9,24
1368,227,90,142,9457.51,7.124,9,24
1369,229,91,142,9463.9,7.159,9,24
1370,230,90,142,9471.46,7.187,9,24
1371,230,91,142,9478.07,7.203,9,24
1372,229,90,142,9484.16,7.204,9,24
1373,227,90,142,9492.33,7.169,9,24
1374,224,90,142,9500.19,7.151,9,24
1375,225,90,143,9505.95,7.151,9,24
1376,227,90,143,9513.42,7.153,9,24
1377,228,90,143,9518.2,7.15,9,24
1378,227,90,143,9526.25,7.127,9,24
1379,226,89,143,9535.05,7.099,9,24
1380,226,90,143,9541.68,7.085,9,24
1381,226,90,144,9547.42,7.094,9,24
1382,227,89,144,9554.32,7.101,9,24
1383,228,91,144,9562.7,7.098,9,24
1384,227,90,143,9566.95,7.142,9,24
1385,229,90,143,9575.33,7.151,9,24
1386,229,91,143,9583.16,7.145,9,24
1387,228,90,144,9588.75,7.203,9,24
1388,231,91,144,9597.44,7.207,9,24
1389,231,91,144,9602.49,7.188,9,24
1390,228,91,144,9611.03,7.179,9,24
1391,226,91,144,9615.27,7.185,9,24
1392,227,91,144,9622.55,7.179,9,24
1393,228,91,144,9630.86,7.188,9,24
1394,228,90,144,9635.47,7.188,9,24
1395,227,91,144,9645.46,7.213,9,24
1396,228,90,144,9651.03,7.196,9,24
1397,225,90,145,9658.82,7.153,9,24
1398,225,90,145,9662.0,7.141,9,24
1399,227,89,145,9673.79,7.129,9,24
1400,227,90,145,9680.45,7.126,9,24
1401,226,90,145,9686.46,7.13,9,24
1402,228,90,145,9693.09,7.153,9,24
1403,230,90,145,9701.34,7.127,9,24
1404,227,90,145,9708.65,7.127,9,24
1405,226,90,145,9713.27,7.126,9,24
1406,226,90,145,9722.49,7.153,9,24
1407,228,90,145,9727.87,7.15,9,24
1408,227,90,146,9736.13,7.128,9,24
1409,226,89,146,9743.36,7.102,9,24
1410,226,89,147,9749.84,7.086,9,24
1411,225,90,147,9758.14,7.127,9,24
1412,225,89,147,9763.94,7.151,9,24
1413,228,90,148,9770.86,7.152,9,24
1414,227,91,148,9775.86,7.181,9,24
1415,227,91,148,9781.4,7.213,9,24
1416,229,90,149,9789.82,7.195,9,24
1417,227,91,149,9798.21,7.134,9,24
1418,223,90,149,9804.75,7.129,9,24
1419,226,91,149,9812.91,7.165,9,24
1420,229,91,149,9820.48,7.192,9,24
1421,230,91,148,9825.53,7.213,9,24
1422,229,91,148,9833.89,7.235,9,24
1423,228,91,148,9841.38,7.238,9,24
1424,227,92,148,9846.77,7.283,9,24
1425,229,91,148,9854.08,7.324,9,24
1426,229,92,148,9862.9,7.3,9,24
1427,225,91,148,9869.0,7.23,9,24
1428,223,91,148,9875.97,7.19,9,23
1429,224,90,148,9883.61,7.188,9,24
1430,226,91,148,9890.64,7.182,9,24
1431,228,91,148,9895.8,7.186,9,24
1432,228,90,148,9903.85,7.194,9,24
1433,226,90,148,9910.73,7.166,9,24
1434,225,90,148,9917.85,7.141,9,24
1435,225,90,148,9923.9,7.131,9,24
1436,226,91,148,9927.5,7.145,9,24
1437,229,91,148,9936.73,7.163,9,24
1438,231,90,148,9946.34,7.169,9,25
1439,230,91,148,9950.98,7.135,9,24
1440,227,91,147,9957.95,7.151,9,24
1441,227,91,147,9966.83,7.187,9,24
1442,228,90,147,9972.8,7.18,9,24
1443,228,91,147,9981.08,7.15,9,24
1444,226,91,147,9988.89,7.153,9,24
1445,227,91,147,9994.49,7.189,9,24
1446,230,91,147,10002.11,7.237,9,24
1447,231,91,147,10009.47,7.238,9,24
1448,228,91,147,10014.74,7.238,9,24
1449,226,90,148,10023.13,7.224,9,24
1450,225,91,147,10029.35,7.186,9,24
1451,224,91,147,10035.76,7.162,9,24
1452,226,90,147,10044.02,7.151,9,24
1453,227,91,147,10050.46,7.154,9,24
1454,227,90,147,10055.61,7.165,9,24
1455,228,90,147,10059.47,7.187,9,24
1456,228,91,147,10070.49,7.185,9,24
1457,228,91,147,10075.73,7.213,9,24
1458,229,92,147,10084.28,7.31,9,24
1459,228,94,147,10092.51,7.47,9,23
1460,222,94,147,10099.18,7.522,9,23
1461,203,95,147,10106.92,7.584,9,20
1462,191,94,147,10115.61,7.534,9,19
1463,186,94,147,10123.99,7.458,9,19
1464,184,94,147,10130.4,7.406,9,19
1465,188,93,147,10136.58,7.431,9,19
1466,197,93,147,10142.96,7.428,9,20
1467,198,94,147,10153.36,7.402,9,20
1468,193,93,147,10155.03,7.394,9,20
1469,194,93,148,10164.96,7.388,9,20
1470,195,93,148,10174.41,7.342,9,20
1471,194,93,148,10179.72,7.298,9,20
1472,193,92,148,10187.05,7.301,9,20
1473,196,94,148,10195.42,7.344,9,20
1474,200,93,147,10202.06,7.393,9,21
1475,202,93,147,10204.8,7.417,9,21
1476,196,94,146,10216.43,7.4,9,20
1477,196,93,146,10223.77,7.402,9,20
1478,196,92,146,10229.23,7.406,9,20
1479,195,92,145,10233.53,7.383,9,20
1480,194,93,145,10245.88,7.349,9,20
1481,194,93,145,10252.18,7.353,9,20
1482,195,92,144,10258.64,7.353,9,20
1483,197,92,144,10266.27,7.343,9,20
1484,196,92,144,10273.23,7.29,9,20
1485,193,92,144,10280.93,7.307,9,20
1486,196,93,144,10287.92,7.325,9,20
1487,199,92,144,10294.23,7.38,9,21
1488,200,92,145,10301.17,7.343,9,21
1489,194,91,145,10307.3,7.304,9,20
1490,192,91,145,10316.49,7.253,9,20
1491,193,91,146,10321.59,7.215,9,20
1492,196,91,146,10329.03,7.238,9,21
1493,197,91,146,10335.04,7.223,9,21
1494,197,91,146,10344.73,7.213,9,21
1495,196,91,145,10349.68,7.213,9,21
1496,197,91,145,10359.35,7.183,9,21
1497,196,90,145,10365.98,7.154,9,21
1498,195,90,145,10370.32,7.15,9,21
1499,196,91,145,10378.33,7.161,9,21
1500,198,90,144,10386.7,7.182,9,21
1501,198,91,144,10392.63,7.184,9,21
1502,199,90,143,10400.82,7.181,9,21
1503,196,92,142,10407.68,7.182,9,20
1504,197,91,142,10414.09,7.212,9,21
1505,198,91,142,10421.02,7.229,9,21
1506,197,88,141,10428.73,7.179,9,21
1507,194,89,141,10434.99,7.132,9,21
1508,191,90,141,10440.84,7.112,9,20
1509,195,90,141,10448.96,7.109,9,21
1510,199,90,141,10456.1,7.147,9,21
1511,199,90,141,10461.05,7.151,9,21
1512,196,90,141,10468.31,7.126,9,21
1513,196,89,140,10475.48,7.12,9,21
1514,195,91,140,10485.52,7.097,9,20
1515,196,91,140,10489.77,7.116,9,21
1516,197,91,139,10498.16,7.146,9,21
1517,200,90,139,10506.11,7.173,9,21
1518,196,89,139,10511.7,7.123,9,21
1519,193,89,139,10517.29,7.057,9,21
1520,190,90,139,10523.12,7.031,9,20
1521,195,90,139,10530.13,7.042,9,21
1522,200,90,139,10537.96,7.15,9,21
1523,204,91,138,10546.5,7.212,9,21
1524,201,91,139,10553.54,7.238,9,21
1525,197,91,139,10561.18,7.213,9,21
1526,194,91,139,10565.46,7.213,9,20
1527,194,91,139,10572.75,7.213,9,20
1528,197,93,140,10581.62,7.245,9,20
1529,199,91,140,10587.27,7.263,9,21
1530,198,93,140,10594.87,7.263,9,20
1531,196,92,140,10601.4,7.263,9,20
1532,195,92,140,10607.48,7.263,9,20
1533,195,92,140,10616.97,7.263,9,20
1534,195,92,140,10623.94,7.289,9,20
1535,197,92,141,10630.61,7.293,9,20
1536,197,92,141,10637.19,7.29,9,20
1537,195,91,141,10645.24,7.287,9,20
1538,194,92,142,10651.82,7.24,9,20
1539,193,91,142,10658.64,7.238,9,20
1540,197,92,142,10664.4,7.249,9,20
1541,197,92,142,10669.88,7.26,9,20
1542,197,92,142,10676.82,7.253,9,20
1543,195,92,142,10687.33,7.246,9,20
1544,196,92,142,10693.62,7.276,9,20
1545,199,92,142,10700.04,7.327,9,21
1546,198,91,142,10708.97,7.281,9,21
1547,194,91,142,10715.01,7.243,9,20
1548,191,92,142,10719.64,7.218,9,20
1549,193,91,142,10727.78,7.231,9,20
1550,194,91,142,10732.92,7.238,9,20
1551,197,92,142,10744.07,7.238,9,20
1552,195,91,142,10750.3,7.213,9,20
1553,196,90,141,10758.76,7.185,9,21
1554,195,91,141,10765.12,7.15,9,20
1555,194,91,140,10770.82,7.174,9,20
1556,200,90,140,10777.73,7.193,9,21
1557,199,90,140,10787.91,7.184,9,21
1558,195,90,140,10791.95,7.153,9,21
1559,194,90,140,10798.78,7.128,9,21
1560,195,90,140,10805.69,7.147,9,21
1561,198,90,140,10813.49,7.165,9,21
1562,199,91,140,10818.14,7.18,9,21
1563,198,91,140,10826.74,7.197,9,21
1564,197,91,139,10836.48,7.179,9,21
1565,195,91,139,10838.85,7.186,9,20
1566,195,91,139,10847.68,7.151,9,20
1567,195,91,139,10856.31,7.189,9,20
1568,197,91,139,10860.44,7.22,9,21
1569,199,92,139,10865.17,7.238,9,21
1570,198,90,139,10875.49,7.238,9,21
1571,194,92,139,10884.65,7.216,9,20
1572,195,91,139,10891.26,7.275,9,20
1573,201,92,139,10897.3,7.29,9,21
1574,197,92,139,10903.89,7.287,9,20
1575,195,91,139,10911.75,7.235,9,20
1576,192,91,139,10916.78,7.214,9,20
1577,195,92,140,10926.92,7.235,9,20
1578,199,91,140,10934.14,7.327,9,21
1579,203,92,140,10938.75,7.282,9,21
1580,209,91,140,10947.08,7.207,9,22
1581,223,91,140,10956.15,7.18,9,23
1582,231,91,140,10958.58,7.187,9,24
1583,234,90,140,10966.91,7.184,9,25
1584,232,91,140,10975.34,7.202,9,24
1585,229,90,140,10982.24,7.188,9,24
1586,227,90,140,10986.71,7.188,9,24
1587,227,91,140,10997.27,7.154,9,24
1588,228,91,140,11002.46,7.188,9,24
1589,230,90,141,11010.21,7.204,9,24
1590,230,91,141,11015.93,7.191,9,24
1591,228,92,141,11024.77,7.195,9,24
1592,228,91,142,11029.5,7.213,9,24
1593,229,92,142,11036.34,7.234,9,24
1594,230,92,142,11046.8,7.293,9,24
1595,231,92,142,11051.75,7.326,9,24
1596,230,92,143,11061.5,7.349,9,24
1597,228,92,143,11067.02,7.375,9,24
1598,226,91,143,11073.74,7.301,9,24
1599,223,91,143,11080.46,7.23,9,23
1600,221,90,143,11088.85,7.175,9,23
1601,221,90,143,11096.56,7.126,9,23
1602,225,91,143,11101.02,7.136,9,24
1603,230,91,143,11109.81,7.213,9,24
1604,232,91,143,11116.18,7.238,9,24
1605,234,90,143,11122.3,7.232,9,25
1606,228,91,144,11127.03,7.218,9,24
1607,226,91,144,11139.08,7.182,9,24
1608,228,91,144,11144.66,7.224,9,24
1609,229,90,144,11149.44,7.223,9,24
1610,229,90,144,11158.08,7.181,9,24
1611,227,90,144,11166.62,7.16,9,24
1612,224,90,144,11172.55,7.121,9,24
1613,226,89,144,11179.23,7.092,9,24
1614,226,89,144,11187.19,7.058,9,24
1615,227,89,144,11192.74,7.069,9,24
1616,228,89,144,11199.84,7.052,9,24
1617,229,89,145,11206.6,7.065,9,25
1618,228,90,145,11214.98,7.081,9,24
1619,230,89,145,11219.91,7.106,9,25
1620,229,89,145,11227.62,7.097,9,25
1621,228,90,145,11234.95,7.105,9,24
1622,227,90,145,11240.25,7.101,9,24
1623,228,90,145,11247.98,7.099,9,24
1624,228,90,145,11253.97,7.106,9,24
1625,228,90,146,11260.61,7.135,9,24
1626,227,91,145,11266.22,7.128,9,24
1627,227,90,146,11273.2,7.128,9,24
1628,227,90,145,11280.81,7.117,9,24
1629,226,90,146,11288.62,7.126,9,24
1630,227,90,146,11298.55,7.13,9,24
1631,229,90,146,11304.64,7.148,9,24
1632,229,90,146,11309.61,7.116,9,24
1633,226,92,147,11316.2,7.122,9,23
1634,226,91,147,11324.33,7.166,9,24
1635,228,91,147,11330.83,7.21,9,24
1636,228,90,147,11337.8,7.213,9,24
1637,228,91,147,11347.44,7.213,9,24
1638,227,91,147,11353.12,7.238,9,24
1639,229,91,147,11358.5,7.238,9,24
1640,227,91,147,11367.77,7.213,9,24
1641,225,91,147,11374.78,7.213,9,24
1642,226,91,147,11379.14,7.236,9,24
1643,228,91,147,11387.99,7.231,9,24
1644,227,92,147,11395.56,7.238,9,24
1645,228,92,148,11402.39,7.259,9,24
1646,229,91,148,11408.34,7.261,9,24
1647,228,91,148,11415.39,7.238,9,24
1648,226,91,149,11424.88,7.263,9,24
1649,227,92,149,11430.46,7.263,9,24
1650,228,92,148,11437.82,7.263,9,24
1651,227,90,148,11445.09,7.225,9,24
1652,225,90,148,11449.8,7.172,9,24
1653,223,90,148,11458.87,7.166,9,24
1654,227,91,148,11467.25,7.21,9,24
1655,232,91,148,11471.5,7.244,9,24
1656,232,91,148,11478.61,7.263,9,24
1657,227,90,148,11487.17,7.233,9,24
1658,223,92,148,11490.52,7.213,9,23
1659,225,91,148,11498.83,7.238,9,24
1660,228,91,148,11507.89,7.263,9,24
1661,228,92,148,11515.54,7.237,9,24
1662,225,91,148,11521.83,7.213,9,24
1663,226,90,148,11529.14,7.189,9,24
1664,225,91,148,11535.95,7.164,9,24
1665,225,93,148,11541.12,7.179,9,23
1666,231,91,148,11548.76,7.265,9,24
1667,233,91,148,11553.22,7.285,9,24
1668,230,90,147,11563.26,7.235,9,24
1669,226,90,147,11570.25,7.16,9,24
1670,222,90,147,11578.1,7.154,9,24
1671,225,91,147,11585.5,7.138,9,24
1672,227,90,147,11589.76,7.137,9,24
1673,226,91,148,11598.43,7.113,9,24
1674,227,90,147,11604.11,7.126,9,24
1675,230,90,148,11613.15,7.175,9,24
1676,230,90,148,11617.75,7.188,9,24
1677,228,90,149,11627.06,7.183,9,24
1678,227,90,149,11635.44,7.155,9,24
1679,227,91,149,11639.68,7.196,9,24
1680,229,92,149,11648.03,7.213,9,24
1681,229,92,149,11655.67,7.21,9,24
1682,227,91,150,11661.26,7.202,9,24
1683,226,91,150,11667.41,7.21,9,24
1684,228,91,150,11673.92,7.213,9,24
1685,229,91,150,11683.32,7.213,9,24
1686,228,92,150,11688.03,7.224,9,24
1687,227,92,150,11696.43,7.233,9,24
1688,227,91,149,11704.16,7.227,9,24
1689,226,92,149,11711.0,7.227,9,23
1690,226,91,149,11718.39,7.238,9,24
1691,228,90,149,11725.83,7.215,9,24
1692,225,91,149,11730.38,7.157,9,24
1693,224,90,149,11737.93,7.174,9,24
1694,227,90,149,11744.88,7.179,9,24
1695,230,91,149,11753.28,7.213,9,24
1696,230,91,149,11759.49,7.238,9,24
1697,229,90,148,11766.52,7.221,9,24
1698,225,91,149,11774.13,7.155,9,24
1699,220,92,149,11780.43,7.252,9,23
1700,216,92,148,11786.99,7.321,9,22
1701,205,93,148,11792.91,7.362,9,21
1702,193,93,148,11801.39,7.401,9,20
1703,191,94,148,11809.86,7.376,9,19
1704,191,94,148,11818.08,7.379,9,19
1705,193,93,148,11823.21,7.397,9,20
1706,195,94,147,11830.38,7.377,9,20
1707,194,93,147,11839.35,7.364,9,20
1708,195,93,147,11845.1,7.352,9,20
1709,195,92,147,11851.99,7.325,9,20
1710,194,93,146,11860.39,7.311,9,20
1711,194,93,146,11866.7,7.352,9,20
1712,196,92,146,11875.04,7.33,9,20
1713,195,93,146,11881.39,7.333,9,20
1714,194,93,146,11888.45,7.368,9,20
1715,198,93,146,11897.55,7.438,9,20
1716,202,95,146,11902.46,7.473,9,20
1717,200,94,146,11910.81,7.482,9,20
1718,196,93,145,11918.24,7.455,9,20
1719,191,95,145,11922.74,7.401,9,19
1720,191,93,144,11931.83,7.381,9,20
1721,194,92,144,11938.7,7.333,9,20
1722,192,92,144,11946.15,7.294,9,20
1723,193,93,144,11952.14,7.263,9,20
1724,197,92,143,11961.18,7.293,9,20
1725,199,92,143,11967.12,7.316,9,21
1726,199,92,143,11974.4,7.333,9,21
1727,199,93,143,11982.4,7.374,9,20
1728,198,92,142,11988.78,7.376,9,21
1729,197,93,142,11991.33,7.344,9,20
1730,194,92,142,12002.73,7.323,9,20
1731,194,93,142,12007.76,7.299,9,20
1732,196,92,142,12015.73,7.309,9,20
1733,197,92,142,12024.31,7.31,9,20
1734,197,92,142,12032.51,7.323,9,20
1735,198,93,142,12039.03,7.353,9,20
1736,198,93,142,12045.86,7.35,9,20
1737,197,93,142,12051.67,7.353,9,20
1738,195,92,142,12059.33,7.345,9,20
1739,194,94,142,12066.2,7.332,9,20
1740,199,92,142,12071.52,7.379,9,21
1741,198,93,142,12082.94,7.349,9,20
1742,195,93,142,12089.36,7.337,9,20
1743,194,92,141,12095.38,7.289,9,20
1744,194,92,141,12101.51,7.279,9,20
1745,195,92,139,12111.77,7.266,9,20
1746,198,93,138,12113.44,7.286,9,20
1747,200,92,136,12125.18,7.353,9,21
1748,200,93,136,12131.55,7.359,9,21
1749,198,93,134,12136.11,7.382,9,20
1750,198,93,135,12145.45,7.395,9,20
1751,197,93,135,12150.45,7.405,9,20
1752,196,93,135,12160.76,7.402,9,20
1753,195,93,136,12167.24,7.372,9,20
1754,194,93,137,12174.65,7.38,9,20
1755,196,95,138,12180.9,7.391,9,20
1756,200,93,139,12190.33,7.449,9,21
1757,199,94,139,12196.54,7.431,9,20
1758,194,94,140,12201.84,7.416,9,20
1759,194,93,140,12208.22,7.389,9,20
1760,195,93,140,12214.07,7.383,9,20
1761,196,93,141,12225.15,7.404,9,20
1762,197,93,141,12232.36,7.376,9,20
1763,194,93,141,12239.78,7.351,9,20
1764,193,92,142,12247.09,7.329,9,20
1765,195,92,142,12254.42,7.327,9,20
1766,196,93,142,12260.02,7.327,9,20
1767,195,92,142,12267.78,7.323,9,20
1768,196,92,141,12275.8,7.326,9,20
1769,197,94,141,12282.3,7.366,9,20
1770,199,93,141,12288.17,7.404,9,20
1771,201,93,140,12296.01,7.402,9,21
1772,198,94,140,12302.78,7.424,9,20
1773,196,94,140,12306.93,7.411,9,20
1774,194,94,140,12319.24,7.378,9,20
1775,194,93,139,12326.88,7.375,9,20
1776,197,94,139,12331.36,7.382,9,20
1777,197,91,139,12341.47,7.375,9,21
1778,195,93,139,12345.78,7.356,9,20
1779,195,94,140,12352.18,7.419,9,20
1780,200,96,140,12362.65,7.494,9,20
1781,200,96,140,12369.41,7.555,9,20
1782,201,95,140,12377.34,7.593,9,20
1783,199,94,140,12384.05,7.551,9,20
1784,191,95,139,12391.71,7.478,9,19
1785,187,93,139,12400.0,7.456,9,19
1786,191,95,139,12406.34,7.465,9,19
1787,196,94,139,12413.07,7.499,9,20
1788,201,94,139,12421.47,7.506,9,20
1789,197,95,139,12428.64,7.469,9,20
1790,193,93,139,12433.26,7.459,9,20
1791,194,92,139,12443.39,7.415,9,20
1792,193,93,139,12448.42,7.356,9,20
1793,193,93,139,12454.88,7.332,9,20
1794,197,93,139,12463.52,7.356,9,20
1795,199,93,139,12470.78,7.369,9,20
1796,197,93,140,12476.67,7.348,9,20
1797,194,92,140,12485.77,7.332,9,20
1798,195,92,141,12492.94,7.324,9,20
1799,197,92,141,12497.44,7.29,9,20
1800,197,92,141,12507.61,7.297,9,20
1801,197,92,141,12513.95,7.263,9,20
1802,197,92,141,12520.35,7.263,9,20
1803,197,93,141,12526.59,7.292,9,20
1804,198,93,141,12534.96,7.339,9,20
1805,202,94,141,12543.18,7.371,9,21
1806,199,93,141,12549.58,7.383,9,20
1807,196,92,140,12556.2,7.356,9,20
1808,193,93,140,12562.42,7.349,9,20
1809,196,93,140,12569.86,7.353,9,20
1810,196,93,140,12576.53,7.353,9,20
1811,196,93,140,12583.62,7.358,9,20
1812,195,93,140,12591.74,7.38,9,20
1813,197,93,141,12598.68,7.38,9,20
1814,196,92,141,12606.35,7.349,9,20
1815,195,91,141,12609.67,7.353,9,20
1816,194,92,141,12619.63,7.298,9,20
1817,195,92,141,12625.45,7.29,9,20
1818,198,93,142,12635.83,7.32,9,20
1819,203,92,141,12642.4,7.331,9,21
1820,216,93,141,12648.45,7.389,9,22
1821,230,92,141,12657.94,7.365,9,24
1822,232,92,142,12665.23,7.307,9,24
1823,231,91,141,12669.42,7.225,9,24
1824,223,92,141,12676.47,7.203,9,23
1825,224,92,141,12685.38,7.248,9,23
1826,229,93,141,12692.2,7.339,9,24
1827,234,92,141,12699.02,7.373,9,24
1828,232,93,142,12706.05,7.38,9,24
1829,229,92,142,12713.6,7.345,9,24
1830,226,93,142,12720.67,7.302,9,23
1831,224,93,142,12728.3,7.297,9,23
1832,225,92,143,12734.59,7.308,9,23
1833,228,92,143,12739.87,7.327,9,24
1834,229,93,144,12749.26,7.328,9,24
1835,228,93,144,12757.54,7.345,9,23
1836,228,91,144,12760.89,7.33,9,24
1837,228,93,145,12769.59,7.325,9,23
1838,226,93,145,12778.07,7.361,9,23
1839,227,93,145,12783.63,7.369,9,23
1840,228,93,145,12791.27,7.372,9,23
1841,228,93,145,12799.75,7.352,9,23
1842,227,93,145,12806.33,7.327,9,23
1843,226,93,145,12810.92,7.343,9,23
1844,226,92,145,12818.98,7.353,9,23
1845,227,92,145,12828.03,7.315,9,24
1846,226,92,145,12832.67,7.271,9,23
1847,224,91,145,12842.65,7.238,9,24
1848,227,91,145,12848.25,7.238,9,24
1849,228,91,146,12855.91,7.213,9,24
1850,228,92,146,12862.83,7.237,9,24
1851,230,91,146,12870.8,7.261,9,24
1852,230,91,147,12877.51,7.25,9,24
1853,227,91,147,12883.44,7.195,9,24
1854,226,92,147,12890.98,7.225,9,23
1855,230,91,147,12896.98,7.238,9,24
1856,231,92,147,12904.14,7.263,9,24
1857,229,92,147,12909.12,7.263,9,24
1858,227,92,147,12920.92,7.238,9,24
1859,226,91,147,12927.69,7.238,9,24
1860,227,92,148,12933.29,7.226,9,24
1861,226,92,148,12942.33,7.242,9,23
1862,228,91,148,12947.39,7.273,9,24
1863,231,92,148,12954.91,7.316,9,24
1864,229,91,147,12959.92,7.327,9,24
1865,225,93,147,12968.68,7.271,9,23
1866,224,92,146,12974.26,7.272,9,23
1867,228,91,146,12984.53,7.266,9,24
1868,228,92,146,12988.31,7.263,9,24
1869,227,93,146,12996.04,7.254,9,23
1870,227,92,146,13005.08,7.333,9,24
1871,229,94,146,13012.07,7.368,9,23
1872,232,93,146,13020.34,7.375,9,24
1873,231,93,146,13023.15,7.368,9,24
1874,227,92,146,13031.87,7.379,9,24
1875,225,92,146,13037.34,7.353,9,23
1876,224,93,146,13045.71,7.347,9,23
1877,227,92,146,13053.76,7.349,9,24
1878,228,93,146,13059.89,7.352,9,23
1879,228,92,147,13069.57,7.343,9,24
1880,227,92,147,13075.31,7.297,9,24
1881,225,93,147,13081.67,7.296,9,23
1882,226,90,147,13091.9,7.296,9,24
1883,228,91,147,13096.15,7.263,9,24
1884,226,92,147,13102.78,7.252,9,23
1885,226,92,147,13112.93,7.244,9,23
1886,227,91,147,13118.83,7.248,9,24
1887,227,91,148,13125.38,7.215,9,24
1888,226,90,148,13132.64,7.164,9,24
1889,225,89,148,13140.27,7.154,9,24
1890,226,91,148,13146.57,7.126,9,24
1891,227,90,149,13151.17,7.126,9,24
1892,230,90,150,13161.29,7.13,9,24
1893,229,90,150,13166.32,7.134,9,24
1894,228,90,150,13175.14,7.128,9,24
1895,228,90,150,13180.74,7.126,9,24
1896,228,91,151,13186.55,7.151,9,24
1897,229,91,151,13194.93,7.165,9,24
1898,229,91,150,13201.02,7.187,9,24
1899,229,91,150,13207.22,7.18,9,24
1900,228,91,150,13215.95,7.192,9,24
1901,227,92,150,13223.21,7.225,9,24
1902,229,91,150,13230.24,7.238,9,24
1903,228,91,150,13236.99,7.224,9,24
1904,226,91,150,13243.5,7.213,9,24
1905,225,91,150,13252.53,7.184,9,24
1906,227,91,150,13258.12,7.211,9,24
1907,228,91,150,13264.33,7.213,9,24
1908,227,91,150,13272.71,7.213,9,24
1909,227,92,150,13279.61,7.219,9,24
1910,228,92,150,13284.8,7.253,9,24
1911,228,93,150,13291.63,7.238,9,23
1912,227,92,150,13298.34,7.238,9,24
1913,226,92,150,13305.96,7.238,9,23
1914,227,91,150,13314.77,7.257,9,24
1915,228,90,150,13322.94,7.258,9,24
1916,227,92,150,13328.53,7.213,9,24
1917,225,91,150,13335.79,7.216,9,24
1918,227,91,150,13342.35,7.238,9,24
1919,229,91,150,13348.32,7.225,9,24
1920,227,92,150,13356.41,7.188,9,24
1921,226,91,150,13363.13,7.188,9,24
1922,227,91,150,13371.51,7.213,9,24
1923,228,91,150,13378.02,7.213,9,24
1924,229,91,150,13384.16,7.213,9,24
1925,229,93,150,13392.56,7.287,9,24
1926,230,91,150,13400.32,7.324,9,24
1927,230,92,150,13405.91,7.303,9,24
1928,224,92,150,13413.54,7.263,9,23
1929,222,92,150,13419.76,7.238,9,23
1930,224,92,150,13426.2,7.264,9,23
1931,229,92,150,13433.79,7.294,9,24
1932,230,92,149,13440.89,7.295,9,24
1933,228,92,149,13448.0,7.281,9,24
1934,227,92,148,13454.87,7.263,9,24
1935,226,92,148,13461.91,7.267,9,23
1936,227,93,148,13468.85,7.291,9,23
1937,228,91,148,13477.05,7.29,9,24
1938,226,92,148,13483.95,7.263,9,23
1939,222,93,148,13488.19,7.31,9,23
1940,215,94,148,13495.99,7.443,9,22
1941,203,94,148,13501.9,7.457,9,21
1942,194,94,148,13513.25,7.389,9,20
1943,188,94,148,13520.74,7.379,9,19
1944,192,93,148,13527.25,7.389,9,20
1945,197,92,148,13535.3,7.402,9,20
1946,196,93,148,13541.13,7.372,9,20
1947,192,94,148,13548.08,7.379,9,20
1948,194,93,148,13554.42,7.375,9,20
1949,197,93,148,13563.42,7.396,9,20
1950,197,93,148,13568.38,7.406,9,20
1951,195,93,148,13575.43,7.368,9,20
1952,193,93,148,13584.03,7.353,9,20
1953,193,94,148,13592.69,7.352,9,20
1954,197,93,149,13598.86,7.375,9,20
1955,198,92,149,13606.51,7.352,9,21
1956,194,92,149,13614.68,7.318,9,20
1957,194,92,149,13619.53,7.293,9,20
1958,196,92,149,13627.65,7.293,9,20
1959,199,92,149,13633.98,7.324,9,21
1960,199,93,149,13640.68,7.327,9,20
1961,198,93,148,13646.96,7.347,9,20
1962,196,93,148,13656.03,7.332,9,20
1963,196,93,148,13662.37,7.354,9,20
1964,197,94,148,13672.04,7.4,9,20
1965,199,93,148,13676.39,7.406,9,20
1966,196,92,147,13684.72,7.341,9,20
1967,193,92,147,13691.82,7.324,9,20
1968,196,92,147,13695.28,7.327,9,20
1969,197,92,146,13705.55,7.309,9,20
1970,196,93,146,13710.08,7.291,9,20
1971,199,92,146,13720.37,7.355,9,21
1972,200,93,145,13728.8,7.361,9,21
1973,198,93,145,13734.85,7.351,9,20
1974,194,93,145,13741.09,7.326,9,20
1975,195,92,145,13751.45,7.296,9,20
1976,196,92,146,13756.07,7.283,9,20
1977,196,92,145,13762.75,7.263,9,20
1978,197,93,145,13771.74,7.263,9,20
1979,198,92,145,13779.14,7.293,9,21
1980,198,91,145,13784.74,7.259,9,21
1981,195,91,144,13790.16,7.238,9,20
1982,194,92,144,13799.25,7.246,9,20
1983,200,91,143,13802.62,7.287,9,21
1984,200,92,143,13812.77,7.323,9,21
1985,197,92,143,13821.21,7.294,9,20
1986,193,91,142,13826.54,7.272,9,20
1987,192,91,142,13834.56,7.221,9,20
1988,193,91,142,13840.66,7.213,9,20
1989,195,91,142,13846.18,7.213,9,20
1990,197,91,142,13854.93,7.239,9,21
1991,199,92,142,13862.45,7.274,9,21
1992,199,93,142,13869.39,7.314,9,20
1993,199,93,141,13878.2,7.371,9,20
1994,199,92,141,13883.06,7.356,9,21
1995,194,92,141,13891.11,7.313,9,20
1996,190,93,141,13897.64,7.263,9,20
1997,194,92,141,13905.36,7.302,9,20
1998,200,93,141,13913.75,7.348,9,21
1999,201,93,141,13920.24,7.374,9,21
2000,201,92,141,13924.85,7.369,9,21
2001,196,93,141,13931.88,7.36,9,20
2002,194,92,141,13942.17,7.337,9,20
2003,194,92,141,13946.87,7.318,9,20
2004,194,92,141,13952.71,7.317,9,20
2005,196,94,141,13962.08,7.353,9,20
2006,197,93,141,13969.43,7.403,9,20
2007,199,94,141,13976.56,7.406,9,20
2008,195,94,141,13983.13,7.374,9,20
2009,192,92,141,13991.51,7.336,9,20
2010,192,93,141,13999.05,7.289,9,20
2011,192,92,141,14006.22,7.315,9,20
2012,196,93,141,14012.54,7.352,9,20
2013,199,93,141,14020.93,7.337,9,20
2014,196,92,141,14026.94,7.285,9,20
2015,195,92,141,14033.56,7.25,9,20
2016,194,92,142,14041.58,7.242,9,20
2017,196,91,142,14047.43,7.253,9,21
2018,198,91,143,14054.58,7.217,9,21
2019,194,91,143,14062.98,7.183,9,20
2020,194,92,144,14069.45,7.21,9,20
2021,197,90,145,14075.61,7.231,9,21
2022,199,92,145,14083.97,7.213,9,21
2023,200,91,146,14089.02,7.213,9,21
2024,196,91,146,14096.64,7.166,9,21
2025,196,92,146,14102.52,7.169,9,20
2026,197,91,146,14110.69,7.194,9,21
2027,199,91,146,14116.46,7.21,9,21
2028,199,92,145,14126.04,7.256,9,21
2029,198,92,145,14134.27,7.297,9,21
2030,198,93,145,14140.75,7.289,9,20
2031,197,92,145,14145.85,7.289,9,20
2032,196,92,145,14154.5,7.293,9,20
2033,195,92,145,14160.09,7.289,9,20
2034,195,92,146,14169.06,7.263,9,20
2035,195,91,145,14174.73,7.263,9,20
2036,195,92,145,14182.18,7.256,9,20
2037,195,92,145,14189.11,7.238,9,20
2038,195,92,145,14197.01,7.263,9,20
2039,196,92,144,14203.57,7.263,9,20
2040,198,92,144,14210.14,7.298,9,21
2041,198,93,144,14216.6,7.337,9,20
2042,198,93,144,14224.74,7.349,9,20
2043,197,93,144,14232.51,7.37,9,20
2044,197,93,145,14239.54,7.402,9,20
2045,197,94,145,14244.02,7.432,9,20
2046,197,93,144,14252.0,7.431,9,20
2047,196,93,144,14258.44,7.405,9,20
2048,194,93,144,14265.39,7.375,9,20
2049,194,92,144,14275.19,7.35,9,20
2050,195,93,143,14281.95,7.334,9,20
2051,195,94,143,14289.89,7.375,9,20
2052,200,93,143,14296.69,7.405,9,21
2053,201,94,143,14304.35,7.402,9,20
2054,197,94,143,14309.94,7.406,9,20
2055,196,93,143,14319.35,7.397,9,20
2056,196,94,143,14326.58,7.378,9,20
2057,196,95,144,14333.62,7.398,9,20
2058,198,96,144,14340.39,7.504,9,20
2059,206,95,144,14346.87,7.566,9,21
2060,218,95,145,14353.92,7.594,9,22
2061,225,94,145,14360.51,7.535,9,23
2062,223,95,145,14370.79,7.455,9,22
2063,224,93,145,14378.21,7.486,9,23
2064,226,93,145,14383.63,7.453,9,23
2065,229,94,145,14388.76,7.428,9,23
2066,227,94,145,14396.98,7.413,9,23
2067,227,92,145,14401.58,7.401,9,24
2068,226,93,145,14412.12,7.356,9,23
2069,227,93,145,14420.73,7.379,9,23
2070,229,92,145,14426.31,7.377,9,24
2071,228,93,146,14434.28,7.332,9,23
2072,226,92,146,14441.03,7.327,9,23
2073,227,92,146,14447.22,7.324,9,24
2074,228,93,146,14452.83,7.341,9,23
2075,229,93,146,14463.25,7.351,9,24
2076,229,92,146,14470.68,7.35,9,24
2077,229,94,146,14477.0,7.406,9,23
2078,230,93,147,14483.95,7.403,9,24
2079,227,93,147,14491.7,7.398,9,23
2080,225,93,147,14500.09,7.379,9,23
2081,225,93,147,14504.41,7.38,9,23
2082,226,93,147,14510.67,7.349,9,23
2083,226,93,147,14519.01,7.328,9,23
2084,227,94,147,14523.55,7.355,9,23
2085,230,93,147,14532.56,7.379,9,24
2086,229,93,147,14541.98,7.366,9,24
2087,225,92,147,14547.43,7.323,9,23
2088,223,92,147,14551.34,7.273,9,23
2089,224,92,147,14562.48,7.238,9,23
2090,225,92,146,14570.59,7.224,9,23
2091,227,91,146,14575.33,7.238,9,24
2092,229,91,146,14584.7,7.228,9,24
2093,228,90,146,14592.1,7.187,9,24
2094,226,92,146,14598.47,7.193,9,23
2095,227,92,146,14605.0,7.252,9,24
2096,231,91,145,14612.86,7.296,9,24
2097,232,91,145,14617.32,7.289,9,24
2098,228,91,145,14627.46,7.263,9,24
2099,226,93,145,14633.43,7.278,9,23
2100,227,91,145,14638.98,7.289,9,24
2101,228,91,144,14646.58,7.312,9,24
2102,228,92,144,14652.52,7.293,9,24
2103,227,93,144,14659.87,7.315,9,23
2104,229,94,144,14670.25,7.403,9,23
2105,231,93,144,14676.46,7.431,9,24
2106,229,92,145,14683.51,7.412,9,24
2107,224,93,145,14687.97,7.363,9,23
2108,222,93,145,14697.28,7.347,9,23
2109,225,93,145,14704.29,7.349,9,23
2110,227,93,145,14711.23,7.365,9,23
2111,228,92,146,14717.15,7.38,9,24
2112,228,93,146,14727.09,7.352,9,23
2113,225,93,146,14735.08,7.355,9,23
2114,229,93,146,14740.66,7.394,9,24
2115,230,93,146,14746.62,7.386,9,24
2116,227,93,146,14756.5,7.336,9,23
2117,224,92,146,14761.02,7.339,9,23
2118,227,92,146,14770.03,7.323,9,24
2119,227,92,147,14777.59,7.327,9,24
2120,226,91,147,14782.63,7.304,9,24
2121,225,92,147,14790.15,7.272,9,23
2122,226,93,147,14798.39,7.263,9,23
2123,227,92,147,14805.45,7.263,9,24
2124,229,93,148,14813.26,7.292,9,24
2125,229,93,148,14819.35,7.314,9,24
2126,230,92,149,14824.32,7.347,9,24
2127,230,91,149,14832.88,7.324,9,24
2128,227,92,149,14840.39,7.286,9,24
2129,226,92,149,14846.76,7.263,9,23
2130,225,92,149,14855.2,7.263,9,23
2131,226,91,149,14859.53,7.263,9,24
2132,227,92,149,14867.93,7.243,9,24
2133,227,92,149,14877.24,7.238,9,24
2134,227,91,149,14882.86,7.238,9,24
2135,228,92,149,14888.96,7.263,9,24
2136,229,90,149,14899.21,7.263,9,24
2137,228,90,149,14903.67,7.238,9,24
2138,225,92,149,14910.74,7.238,9,23
2139,225,92,149,14919.46,7.244,9,23
2140,228,91,149,14923.64,7.263,9,24
2141,230,92,148,14930.0,7.281,9,24
2142,230,91,148,14941.46,7.271,9,24
2143,227,91,148,14947.54,7.236,9,24
2144,224,91,148,14952.85,7.17,9,24
2145,224,92,148,14962.31,7.215,9,23
2146,229,92,148,14968.79,7.249,9,24
2147,233,93,148,14973.94,7.283,9,24
2148,232,92,147,14982.53,7.337,9,24
2149,229,93,148,14987.76,7.351,9,24
2150,227,92,148,14995.07,7.322,9,24
2151,225,91,148,15002.88,7.261,9,24
2152,223,92,148,15010.42,7.213,9,23
2153,222,91,148,15018.88,7.234,9,23
2154,226,92,148,15025.05,7.238,9,23
2155,229,91,148,15031.87,7.238,9,24
2156,227,92,148,15039.68,7.238,9,24
2157,228,91,148,15045.27,7.254,9,24
2158,229,92,148,15051.14,7.263,9,24
2159,229,92,148,15060.61,7.252,9,24
2160,226,91,148,15066.53,7.24,9,24
2161,226,91,148,15070.72,7.238,9,24
2162,227,91,148,15082.29,7.237,9,24
2163,227,91,148,15089.87,7.213,9,24
2164,226,89,148,15093.81,7.178,9,24
2165,225,92,148,15103.3,7.165,9,23
2166,226,92,148,15108.79,7.206,9,23
2167,233,92,148,15115.69,7.294,9,24
2168,232,92,148,15123.77,7.324,9,24
2169,227,92,148,15129.11,7.293,9,24
2170,224,92,148,15138.24,7.291,9,23
2171,223,92,148,15144.51,7.274,9,23
2172,224,92,148,15150.79,7.256,9,23
2173,227,92,148,15157.99,7.282,9,24
2174,229,92,148,15166.3,7.274,9,24
2175,228,92,148,15172.83,7.263,9,24
2176,226,92,148,15180.95,7.294,9,23
2177,229,92,148,15187.46,7.289,9,24
2178,228,94,148,15193.23,7.303,9,23
2179,222,93,148,15200.56,7.359,9,23
2180,211,92,149,15209.36,7.392,9,22
2181,197,93,149,15214.66,7.392,9,20
2182,191,93,149,15223.14,7.376,9,20
2183,191,93,150,15231.53,7.396,9,20
2184,193,96,150,15235.63,7.401,9,19
2185,194,100,150,15243.45,7.555,9,19
2186,194,97,150,15251.12,7.761,9,19
2187,186,101,150,15258.96,8.011,9,18
2188,170,101,150,15269.32,8.152,9,16
2189,148,102,149,15277.72,8.281,9,14
2190,139,96,149,15284.28,8.415,9,14
2191,155,95,149,15292.48,8.636,9,16
2192,167,92,149,15302.63,8.715,9,17
2193,161,86,148,15309.31,8.598,9,18
2194,152,88,148,15319.2,8.675,9,16
2195,190,80,148,15328.04,9.076,9,23
2196,252,82,148,15336.44,9.331,9,29
2197,265,83,148,15345.83,9.533,9,30
2198,250,85,148,15354.24,9.797,9,28
2199,226,85,148,15363.01,9.967,9,25
2200,184,100,148,15376.19,10.114,9,18
2201,160,102,147,15384.7,10.271,9,15
2202,152,100,147,15395.87,10.397,9,15
2203,157,100,147,15407.56,10.553,9,15
2204,162,94,147,15414.59,10.685,9,16
2205,176,95,147,15424.45,10.819,9,18
2206,176,96,146,15439.86,10.979,9,18
2207,171,97,146,15447.69,11.086,9,17
2208,163,96,146,15458.88,11.179,9,16
2209,158,95,146,15472.09,11.235,9,16
2210,146,96,146,15480.77,11.207,9,15
2211,138,93,145,15487.92,11.271,9,14
2212,151,91,145,15505.44,11.409,9,16
2213,161,92,145,15512.66,11.477,9,17
2214,159,92,145,15522.56,11.513,9,17
2215,158,89,145,15535.82,11.311,9,17
2216,161,85,145,15547.43,11.027,9,18
2217,166,79,144,15553.85,10.414,9,20
2218,160,96,144,15563.41,9.941,9,16
2219,182,97,143,15576.19,9.748,9,18
2220,205,96,143,15583.27,9.735,9,20
2221,214,94,143,15593.93,9.7,9,22
2222,208,95,143,15603.98,9.63,9,21
2223,198,94,143,15612.52,9.589,9,20
2224,199,94,143,15623.34,9.523,9,20
2225,199,94,143,15631.42,9.51,9,20
2226,203,94,143,15642.56,9.523,9,21
2227,207,95,143,15651.97,9.591,9,21
2228,208,94,143,15658.55,9.611,9,21
2229,205,93,143,15670.29,9.537,9,21
2230,194,94,142,15679.56,9.494,9,20
2231,194,94,142,15687.94,9.507,9,20
2232,197,92,141,15697.15,9.51,9,20
2233,199,93,141,15705.63,9.508,9,20
2234,199,94,141,15714.09,9.514,9,20
2235,199,93,140,15722.57,9.516,9,20
2236,198,92,140,15728.17,9.51,9,21
2237,195,94,140,15740.43,9.475,9,20
2238,197,93,140,15752.41,9.567,9,20
2239,200,93,140,15759.18,9.562,9,21
2240,197,93,140,15771.67,9.536,9,20
2241,192,92,140,15780.08,9.442,9,20
2242,190,92,140,15788.49,9.385,9,20
2243,190,93,140,15798.91,9.367,9,20
2244,195,93,140,15809.41,9.399,9,20
2245,203,93,141,15817.79,9.437,9,21
2246,205,92,141,15826.13,9.476,9,21
2247,202,94,142,15836.64,9.496,9,21
2248,201,94,142,15842.87,9.525,9,20
2249,200,94,142,15852.71,9.559,9,20
2250,200,93,142,15865.73,9.533,9,21
2251,198,92,142,15872.25,9.463,9,21
2252,191,93,142,15879.71,9.354,9,20
2253,186,93,142,15888.9,9.338,9,19
2254,196,91,142,15897.42,9.345,9,21
2255,201,92,142,15904.81,9.335,9,21
2256,197,92,142,15910.98,9.331,9,20
2257,199,92,142,15928.72,9.399,9,21
2258,201,92,142,15933.54,9.411,9,21
2259,198,93,142,15947.61,9.43,9,20
2260,196,92,142,15956.0,9.412,9,20
2261,193,92,142,15964.4,9.367,9,20
2262,192,94,142,15973.54,9.38,9,20
2263,196,93,142,15983.26,9.418,9,20
2264,201,93,142,15991.63,9.461,9,21
2265,201,93,142,16000.04,9.483,9,21
2266,197,93,142,16010.46,9.475,9,20
2267,194,92,142,16020.5,9.458,9,20
2268,192,93,142,16029.34,9.395,9,20
2269,191,93,142,16037.73,9.395,9,20
2270,197,93,142,16047.68,9.463,9,20
2271,201,93,142,16055.75,9.482,9,21
2272,200,93,142,16064.97,9.453,9,21
2273,195,92,142,16072.88,9.452,9,20
2274,193,92,141,16083.53,9.479,9,20
2275,193,92,141,16088.74,9.458,9,20
2276,195,92,141,16102.05,9.37,9,20
2277,189,91,141,16110.86,9.305,9,20
2278,188,92,141,16118.28,9.257,9,20
2279,193,91,142,16129.88,9.28,9,20
2280,202,91,142,16139.84,9.294,9,21
2281,203,91,142,16145.24,9.314,9,21
2282,196,91,142,16157.12,9.245,9,21
2283,192,90,142,16165.51,9.21,9,20
2284,194,91,142,16172.87,9.183,9,20
2285,196,91,143,16181.95,9.205,9,21
2286,201,91,143,16192.71,9.255,9,21
2287,203,90,143,16201.13,9.269,9,22
2288,199,92,143,16208.66,9.265,9,21
2289,194,92,144,16219.43,9.263,9,20
2290,196,91,144,16229.19,9.307,9,21
2291,201,93,144,16235.88,9.339,9,21
2292,201,93,144,16241.58,9.361,9,21
2293,200,93,144,16253.97,9.428,9,21
2294,201,93,145,16260.87,9.452,9,21
2295,200,93,145,16273.29,9.51,9,21
2296,197,93,145,16281.56,9.48,9,20
2297,191,92,145,16291.15,9.411,9,20
2298,187,92,145,16297.73,9.348,9,19
2299,186,92,144,16309.06,9.304,9,19
2300,185,93,144,16320.75,9.345,9,19
2301,185,92,144,16330.99,9.399,9,19
2302,182,92,144,16339.38,9.4,9,19
2303,178,92,144,16347.71,9.381,9,18
2304,176,92,144,16354.4,9.367,9,18
2305,175,92,143,16365.03,9.374,9,18
2306,176,92,143,16375.0,9.391,9,18
2307,178,92,143,16383.4,9.395,9,18
2308,178,92,143,16393.34,9.348,9,18
2309,174,92,144,16401.83,9.338,9,18
2310,173,92,144,16409.42,9.338,9,18
2311,176,92,144,16419.01,9.365,9,18
2312,180,91,144,16426.66,9.358,9,19
2313,177,91,144,16437.63,9.297,9,19
2314,173,91,144,16446.82,9.25,9,18
2315,174,91,144,16456.7,9.241,9,18
2316,177,91,145,16465.09,9.241,9,19
2317,178,92,145,16473.46,9.252,9,18
2318,180,92,146,16482.73,9.287,9,19
2319,181,92,146,16492.28,9.317,9,19
2320,183,92,146,16498.97,9.324,9,19
2321,182,91,145,16509.91,9.324,9,19
2322,178,91,145,16520.04,9.257,9,19
2323,175,90,144,16529.96,9.241,9,19
2324,176,92,143,16538.01,9.245,9,18
2325,179,91,143,16544.72,9.295,9,19
2326,183,91,143,16557.25,9.324,9,19
2327,181,91,143,16565.63,9.308,9,19
2328,176,92,143,16572.11,9.284,9,18
2329,176,92,143,16582.41,9.309,9,18
2330,180,93,143,16589.83,9.324,9,18
2331,183,92,143,16600.25,9.34,9,19
2332,182,91,143,16606.42,9.335,9,19
2333,179,92,143,16620.08,9.324,9,19
2334,179,91,143,16630.53,9.338,9,19
2335,181,91,143,16638.16,9.308,9,19
2336,179,91,143,16646.78,9.267,9,19
2337,176,90,142,16655.72,9.241,9,19
2338,176,91,142,16664.1,9.234,9,18
2339,179,91,142,16669.69,9.22,9,19
2340,180,92,141,16678.34,9.235,9,19
2341,181,92,141,16691.34,9.303,9,19
2342,182,92,141,16699.74,9.352,9,19
2343,184,92,140,16709.84,9.375,9,19
2344,180,92,140,16716.87,9.34,9,19
2345,174,91,140,16725.59,9.287,9,18
2346,171,92,140,16736.82,9.266,9,18
2347,176,91,141,16747.87,9.294,9,18
2348,181,91,141,16752.24,9.322,9,19
2349,180,91,141,16764.48,9.277,9,19
2350,178,91,140,16771.01,9.269,9,19
2351,178,91,140,16779.32,9.262,9,19
2352,179,91,139,16791.58,9.241,9,19
2353,177,90,139,16800.28,9.222,9,19
2354,175,90,138,16810.6,9.181,9,19
2355,176,90,138,16817.04,9.189,9,19
2356,178,91,137,16825.44,9.165,9,19
2357,179,91,137,16835.85,9.198,9,19
2358,181,91,137,16844.29,9.264,9,19
2359,183,91,138,16852.43,9.293,9,19
2360,182,92,138,16860.7,9.296,9,19
2361,178,92,138,16868.62,9.316,9,18
2362,179,91,138,16879.4,9.329,9,19
2363,178,92,137,16890.83,9.294,9,18
2364,174,91,137,16900.8,9.272,9,18
2365,175,91,136,16907.12,9.257,9,18
2366,175,92,136,16916.72,9.241,9,18
2367,177,92,134,16927.13,9.268,9,18
2368,182,92,133,16934.49,9.325,9,19
2369,186,92,132,16942.17,9.378,9,19
2370,183,92,131,16953.2,9.387,9,19
2371,175,91,131,16963.67,9.338,9,18
2372,171,91,130,16969.39,9.279,9,18
2373,170,91,131,16978.51,9.254,9,18
2374,172,92,130,16990.81,9.211,9,18
2375,174,91,130,16999.3,9.203,9,18
2376,178,91,131,17007.68,9.253,9,19
2377,181,92,132,17016.07,9.269,9,19
2378,180,92,133,17024.86,9.296,9,19
2379,180,90,133,17034.76,9.296,9,19
2380,181,90,135,17044.4,9.248,9,19
2381,174,89,135,17051.38,9.161,9,19
2382,167,89,135,17061.64,9.0,9,18
2383,170,89,135,17069.55,9.0,9,18
2384,174,89,135,17078.37,9.021,9,19
2385,178,90,136,17087.29,9.062,9,19
2386,186,89,136,17097.61,9.07,9,20
2387,183,89,136,17102.17,9.098,9,20
2388,181,90,136,17112.45,9.117,9,19
2389,180,90,137,17119.07,9.127,9,19
2390,181,90,137,17133.35,9.132,9,19
2391,180,90,137,17139.56,9.132,9,19
2392,180,90,137,17148.69,9.151,9,19
2393,180,90,137,17160.59,9.182,9,19
2394,180,90,137,17168.99,9.186,9,19
2395,179,91,137,17174.02,9.197,9,19
2396,179,92,137,17187.36,9.257,9,19
2397,180,91,137,17194.38,9.265,9,19
2398,180,91,137,17203.03,9.283,9,19
2399,177,90,137,17212.76,9.235,9,19
2400,173,90,136,17221.39,9.173,9,18
2401,171,90,136,17229.78,9.14,9,18
2402,173,91,136,17240.23,9.117,9,18
2403,178,90,136,17247.23,9.15,9,19
2404,182,91,136,17254.95,9.209,9,19
2405,185,92,136,17267.08,9.293,9,19
2406,183,91,136,17275.36,9.319,9,19
2407,177,91,135,17284.45,9.278,9,19
2408,171,90,135,17290.63,9.201,9,18
2409,170,90,135,17302.37,9.182,9,18
2410,172,91,135,17311.45,9.187,9,18
2411,178,91,134,17320.38,9.232,9,19
2412,181,91,134,17328.36,9.268,9,19
2413,180,90,134,17339.94,9.266,9,19
2414,178,91,134,17349.01,9.266,9,19
2415,177,91,134,17355.49,9.241,9,19
2416,177,91,134,17365.94,9.244,9,19
2417,180,92,134,17375.3,9.28,9,19
2418,182,92,134,17383.04,9.285,9,19
2419,181,91,134,17391.58,9.296,9,19
2420,179,92,134,17401.54,9.32,9,19
2421,178,91,133,17412.03,9.317,9,19
2422,179,91,134,17420.41,9.27,9,19
2423,177,90,134,17426.87,9.243,9,19
2424,176,90,134,17436.63,9.215,9,19
2425,177,91,134,17443.85,9.219,9,19
2426,181,91,135,17456.03,9.286,9,19
2427,182,91,135,17462.86,9.296,9,19
2428,180,92,134,17474.72,9.288,9,19
2429,177,91,134,17483.27,9.268,9,19
2430,175,91,135,17491.63,9.241,9,18
2431,176,91,134,17501.87,9.241,9,18
2432,178,92,134,17510.49,9.29,9,18
2433,181,92,134,17518.88,9.335,9,19
2434,184,92,134,17529.34,9.367,9,19
2435,181,92,134,17537.73,9.367,9,19
2436,178,93,135,17544.36,9.367,9,18
2437,176,92,135,17556.55,9.389,9,18
2438,176,92,135,17564.95,9.428,9,18
2439,180,93,135,17574.95,9.452,9,18
2440,179,93,135,17581.95,9.452,9,18
2441,177,92,136,17591.98,9.434,9,18
2442,172,92,136,17600.04,9.354,9,18
2443,170,92,136,17611.02,9.324,9,18
2444,170,91,136,17621.35,9.324,9,18
2445,176,90,137,17625.33,9.319,9,19
2446,177,91,137,17632.1,9.294,9,19
2447,177,91,137,17644.6,9.241,9,19
2448,177,91,137,17655.05,9.262,9,19
2449,180,91,137,17665.48,9.294,9,19
2450,182,91,136,17673.88,9.296,9,19
2451,183,91,136,17682.28,9.295,9,19
2452,181,92,136,17692.17,9.29,9,19
2453,180,92,136,17701.11,9.338,9,19
2454,183,91,136,17710.62,9.356,9,19
2455,180,91,136,17719.96,9.338,9,19
2456,176,92,136,17728.87,9.338,9,18
2457,174,92,136,17738.63,9.337,9,18
2458,177,92,136,17747.2,9.324,9,18
2459,175,91,136,17755.59,9.324,9,18
2460,175,91,136,17766.04,9.281,9,18
2461,175,91,136,17774.4,9.269,9,18
2462,174,90,136,17780.76,9.234,9,18
2463,175,91,136,17792.83,9.238,9,18
2464,178,90,136,17801.56,9.234,9,19
2465,179,90,135,17808.04,9.198,9,19
2466,176,91,135,17817.81,9.165,9,18
2467,179,91,135,17826.82,9.183,9,19
2468,183,90,135,17837.27,9.186,9,19
2469,183,90,135,17844.5,9.146,9,19
2470,179,89,134,17853.89,9.078,9,19
2471,174,89,134,17860.59,9.024,9,19
2472,176,88,134,17871.01,9.0,9,19
2473,179,89,133,17881.28,9.011,9,19
2474,183,89,133,17889.66,9.047,9,20
2475,184,89,134,17896.42,9.079,9,20
2476,183,89,134,17906.46,9.101,9,20
2477,180,89,134,17915.89,9.112,9,19
2478,180,90,135,17925.6,9.12,9,19
2479,179,90,135,17933.69,9.132,9,19
2480,179,90,135,17943.71,9.132,9,19
2481,179,90,135,17951.78,9.159,9,19
2482,179,90,135,17957.56,9.17,9,19
2483,178,90,135,17969.19,9.18,9,19
2484,179,90,135,17975.6,9.18,9,19
2485,178,90,134,17983.99,9.18,9,19
2486,179,91,135,17995.44,9.22,9,19
2487,183,91,135,18004.91,9.297,9,19
2488,185,91,135,18011.62,9.336,9,19
2489,180,91,135,18023.78,9.323,9,19
2490,172,91,135,18032.98,9.283,9,18
2491,170,91,136,18042.6,9.246,9,18
2492,171,91,136,18051.0,9.253,9,18
2493,178,90,136,18058.18,9.285,9,19
2494,183,91,136,18069.85,9.29,9,19
2495,182,90,136,18078.24,9.219,9,19
2496,176,91,136,18084.82,9.164,9,18
2497,175,89,136,18095.0,9.145,9,19
2498,178,91,136,18104.84,9.13,9,19
2499,180,91,136,18111.06,9.132,9,19
2500,182,89,136,18122.25,9.159,9,20
2501,181,90,136,18131.79,9.159,9,19
2502,179,90,137,18137.14,9.159,9,19
2503,178,90,137,18147.69,9.158,9,19
2504,178,90,137,18157.38,9.155,9,19
2505,179,89,137,18167.29,9.15,9,19
2506,179,89,136,18172.97,9.112,9,19
2507,176,91,136,18182.99,9.085,9,18
2508,175,91,136,18189.32,9.083,9,18
2509,176,91,136,18197.48,9.215,9,18
2510,185,92,136,18211.39,9.324,9,19
2511,185,92,136,18220.39,9.339,9,19
2512,182,93,136,18226.32,9.362,9,19
2513,176,92,136,18239.54,9.465,9,18
2514,181,92,136,18247.94,9.467,9,19
2515,179,91,136,18256.13,9.407,9,19
2516,169,91,137,18266.79,9.254,9,18
2517,164,91,137,18273.84,9.178,9,17
2518,168,90,137,18283.49,9.128,9,18
2519,176,90,138,18291.93,9.155,9,19
2520,183,90,138,18300.34,9.178,9,19
2521,184,89,138,18306.76,9.186,9,20
2522,180,89,138,18315.25,9.14,9,19
2523,174,89,137,18322.83,9.084,9,19
2524,173,89,137,18335.96,9.0,9,19
2525,178,89,137,18345.04,8.987,9,19
2526,183,89,137,18354.81,9.04,9,20
2527,185,88,136,18362.61,9.052,9,20
2528,184,89,136,18370.11,9.051,9,20
2529,181,89,135,18380.46,9.056,9,19
2530,178,90,135,18390.25,9.087,9,19
2531,179,89,135,18397.04,9.105,9,19
2532,179,89,135,18405.96,9.084,9,19
2533,176,89,135,18416.92,9.073,9,19
2534,174,89,134,18425.49,9.079,9,19
2535,175,88,134,18433.85,9.051,9,19
2536,175,88,134,18441.0,9.017,9,19
2537,175,89,134,18452.85,9.0,9,19
2538,177,89,134,18460.75,9.0,9,19
2539,179,89,134,18468.48,9.039,9,19
2540,181,88,134,18476.96,9.044,9,20
2541,180,88,134,18483.54,9.047,9,20
2542,175,90,134,18495.21,9.032,9,19
2543,176,89,134,18503.58,9.078,9,19
2544,181,89,134,18513.98,9.099,9,19
2545,181,90,134,18522.45,9.106,9,19
2546,180,90,134,18529.93,9.106,9,19
2547,178,89,134,18535.56,9.102,9,19
2548,175,89,134,18548.86,9.031,9,19
2549,175,89,133,18554.83,9.047,9,19
2550,180,89,133,18560.4,9.052,9,19
2551,182,88,133,18570.27,9.054,9,20
2552,181,89,134,18581.57,9.043,9,19
2553,180,89,134,18593.13,9.033,9,19
2554,179,89,134,18602.07,9.026,9,19
2555,178,90,134,18609.38,9.033,9,19
2556,179,89,134,18616.78,9.074,9,19
2557,181,89,134,18629.27,9.074,9,19
2558,180,90,134,18637.69,9.055,9,19
2559,179,90,134,18646.05,9.096,9,19
2560,184,91,134,18654.47,9.182,9,19
2561,188,91,134,18660.86,9.239,9,20
2562,187,91,134,18673.22,9.302,9,20
2563,182,91,134,18681.7,9.287,9,19
2564,174,91,134,18690.09,9.25,9,18
2565,170,90,135,18701.87,9.158,9,18
2566,168,90,135,18708.85,9.091,9,18
2567,171,90,135,18717.29,9.08,9,18
2568,179,90,135,18726.99,9.106,9,19
2569,183,89,135,18733.86,9.118,9,20
2570,180,89,135,18738.89,9.107,9,19
2571,176,87,135,18754.65,9.021,9,19
2572,171,89,135,18759.62,8.969,9,18
2573,173,89,135,18768.43,8.985,9,19
2574,180,89,135,18780.17,9.053,9,19
2575,186,88,135,18788.56,9.079,9,20
2576,182,89,135,18793.17,9.043,9,20
2577,175,88,135,18804.61,9.036,9,19
2578,173,88,135,18815.01,8.969,9,19
2579,175,88,135,18820.65,8.942,9,19
2580,178,88,135,18831.46,8.924,9,19
2581,182,88,135,18840.95,8.935,9,20
2582,183,90,135,18847.21,8.979,9,19
2583,185,89,135,18857.74,9.062,9,20
2584,186,89,135,18866.16,9.106,9,20
2585,184,90,135,18876.58,9.146,9,20
2586,180,90,135,18884.97,9.186,9,19
2587,178,90,135,18893.35,9.186,9,19
2588,176,89,135,18901.75,9.186,9,19
2589,173,89,135,18911.29,9.109,9,19
2590,170,88,135,18920.15,9.016,9,18
2591,166,89,136,18928.75,8.961,9,18
2592,170,88,136,18936.29,8.97,9,18
2593,177,88,138,18945.74,8.946,9,19
2594,179,88,138,18955.76,8.912,9,19
2595,178,88,139,18964.15,8.892,9,19
2596,179,88,139,18970.03,8.917,9,19
2597,182,88,140,18977.14,8.924,9,20
2598,184,88,140,18988.72,8.992,9,20
2599,183,89,140,18996.57,9.018,9,20
2600,182,89,139,19007.45,9.052,9,20
2601,181,89,139,19016.99,9.079,9,19
2602,181,90,139,19024.68,9.086,9,19
2603,181,90,139,19033.77,9.132,9,19
2604,181,90,139,19042.74,9.142,9,19
2605,181,90,138,19052.08,9.159,9,19
2606,180,90,139,19058.91,9.18,9,19
2607,178,90,139,19069.88,9.182,9,19
2608,177,90,138,19077.98,9.153,9,19
2609,175,90,138,19086.81,9.113,9,19
2610,175,89,138,19096.6,9.129,9,19
2611,179,90,138,19105.0,9.159,9,19
2612,183,90,138,19113.69,9.202,9,19
2613,181,91,138,19122.15,9.218,9,19
2614,178,91,138,19126.38,9.239,9,19
2615,177,91,137,19141.43,9.252,9,19
2616,178,91,137,19150.54,9.289,9,19
2617,181,91,137,19157.07,9.284,9,19
2618,178,91,137,19163.77,9.293,9,19
2619,177,91,137,19174.25,9.283,9,19
2620,175,90,138,19185.36,9.248,9,19
2621,172,89,138,19197.15,9.194,9,18
2622,170,89,138,19204.13,9.105,9,18
2623,168,89,138,19210.26,9.018,9,18
2624,170,88,138,19222.25,8.935,9,18
2625,174,89,137,19230.58,8.913,9,19
2626,181,88,137,19236.83,8.961,9,20
2627,184,89,136,19245.28,8.961,9,20
2628,185,89,136,19256.21,9.004,9,20
2629,183,90,136,19264.66,9.068,9,19
2630,185,90,136,19273.67,9.106,9,20
2631,184,90,136,19281.93,9.123,9,20
2632,183,90,136,19291.39,9.139,9,19
2633,181,90,136,19299.83,9.172,9,19
2634,180,90,136,19306.87,9.184,9,19
2635,178,90,136,19318.2,9.186,9,19
2636,175,90,135,19324.24,9.182,9,19
2637,174,90,135,19336.72,9.17,9,18
2638,174,90,135,19345.93,9.159,9,18
2639,174,90,135,19355.08,9.124,9,18
2640,175,90,135,19362.72,9.132,9,19
2641,175,89,135,19371.11,9.132,9,19
2642,176,90,135,19381.55,9.132,9,19
2643,178,90,134,19389.95,9.132,9,19
2644,177,90,134,19400.42,9.132,9,19
2645,178,90,134,19407.9,9.127,9,19
2646,179,90,134,19415.08,9.129,9,19
2647,180,90,134,19424.2,9.159,9,19
2648,181,90,134,19435.97,9.159,9,19
2649,178,90,134,19440.86,9.159,9,19
2650,176,90,134,19452.09,9.159,9,19
2651,175,89,134,19461.58,9.126,9,19
2652,173,90,134,19469.45,9.088,9,18
2653,173,90,134,19479.71,9.071,9,18
2654,175,89,134,19486.6,9.078,9,19
2655,178,89,135,19496.44,9.073,9,19
2656,181,89,135,19500.44,9.077,9,19
2657,181,90,135,19507.35,9.079,9,19
2658,181,89,135,19523.57,9.099,9,19
2659,181,88,135,19532.39,9.08,9,20
2660,179,88,135,19538.77,9.026,9,19
2661,174,88,135,19549.21,8.943,9,19
2662,175,88,135,19558.9,8.945,9,19
2663,178,88,135,19566.0,8.942,9,19
2664,182,88,135,19574.64,8.938,9,20
2665,182,88,135,19584.08,8.975,9,20
2666,180,88,135,19593.0,8.965,9,20
2667,180,88,135,19602.37,9.0,9,20
2668,181,88,135,19612.06,9.004,9,20
2669,181,89,135,19619.43,9.033,9,19
2670,180,89,135,19625.43,9.015,9,19
2671,178,89,135,19635.75,9.008,9,19
2672,178,88,135,19645.61,9.026,9,19
2673,180,88,135,19652.4,9.039,9,20
2674,180,89,135,19661.49,9.057,9,19
2675,179,89,135,19672.42,9.079,9,19
2676,177,90,135,19678.56,9.079,9,19
2677,175,89,135,19685.46,9.062,9,19
2678,175,89,135,19696.77,9.052,9,19
2679,175,88,135,19707.66,9.018,9,19
2680,176,89,135,19715.89,9.0,9,19
2681,176,88,135,19725.22,9.0,9,19
2682,178,89,134,19733.51,9.022,9,19
2683,179,90,134,19741.9,9.027,9,19
2684,180,88,134,19748.86,9.051,9,20
2685,180,90,134,19760.86,9.043,9,19
2686,179,90,134,19769.24,9.091,9,19
2687,181,89,134,19777.59,9.127,9,19
2688,180,89,134,19788.09,9.119,9,19
2689,176,88,134,19793.87,9.089,9,19
2690,174,89,134,19803.38,9.045,9,19
2691,173,89,134,19815.06,9.029,9,19
2692,178,89,134,19819.77,9.038,9,19
2693,181,89,134,19826.01,9.076,9,19
2694,181,88,134,19839.83,9.052,9,20
2695,177,88,134,19844.87,9.052,9,19
2696,174,89,135,19854.18,9.008,9,19
2697,175,89,134,19865.6,9.017,9,19
2698,179,89,134,19872.76,9.028,9,19
2699,182,90,133,19884.43,9.089,9,19
2700,181,88,133,19891.24,9.104,9,20
2701,180,88,133,19901.24,9.069,9,20
2702,174,88,133,19908.48,9.003,9,19
2703,170,88,134,19918.04,8.917,9,18
2704,172,88,134,19926.42,8.89,9,19
2705,180,87,134,19935.17,8.884,9,20
2706,180,89,135,19945.26,8.884,9,19
2707,178,89,135,19953.85,8.939,9,19
2708,185,88,135,19963.91,8.976,9,20
2709,186,89,135,19972.12,9.029,9,20
2710,183,88,135,19977.99,9.045,9,20
2711,179,88,135,19989.73,9.02,9,19
2712,174,89,135,19997.97,9.0,9,19
2713,175,89,136,20003.06,9.0,9,19
2714,178,88,136,20013.75,8.989,9,19
2715,178,89,136,20024.89,8.961,9,19
2716,178,89,136,20029.23,8.98,9,19
2717,183,88,136,20039.17,9.043,9,20
2718,183,82,136,20046.42,8.946,9,21
2719,141,79,136,20051.0,8.532,9,17
2720,50,65,136,20056.36,4.168,9,7
2721,17,38,136,20058.3,1.888,9,4
2722,0,12,135,20058.3,1.182,9,0
2723,0,0,135,20058.3,0.475,9,0
2724,0,0,134,20058.3,0.0,9,0
2725,0,0,134,20058.3,0.0,9,0
2726,0,0,133,20058.3,0.0,9,0
2727,0,0,132,20058.3,0.0,9,0
2728,0,0,131,20058.3,0.0,9,0
2729,0,0,131,20058.3,0.0,9,0
2730,0,0,130,20058.3,0.0,9,0
2731,0,0,129,20058.3,0.0,9,0
2732,0,0,128,20058.3,0.0,9,0
2733,0,0,127,20058.3,0.0,9,0
2734,0,0,125,20058.3,0.0,9,0
2735,0,0,124,20058.3,0.0,9,0
2736,0,0,122,20058.3,0.0,9,0
2737,0,0,121,20058.3,0.0,9,0
2738,0,0,120,20058.3,0.0,9,0
2739,0,0,119,20058.3,0.0,9,0
2740,0,0,117,20058.3,0.0,9,0
2741,0,0,115,20058.3,0.0,9,0
2742,0,0,114,20058.3,0.0,9,0
2743,0,0,112,20058.3,0.0,9,0
2744,0,0,111,20058.3,0.0,9,0
2745,0,0,110,20058.3,0.0,9,0
2746,0,0,109,20058.3,0.0,9,0
2747,0,0,108,20058.3,0.0,9,0
2748,0,0,107,20058.3,0.0,9,0
2749,0,0,106,20058.3,0.0,9,0
2750,0,0,105,20058.3,0.0,9,0
2751,0,0,104,20058.3,0.0,9,0
2752,0,0,103,20058.3,0.0,9,0
2753,0,0,104,20058.3,0.0,9,0
2754,0,0,105,20058.3,0.0,9,0
2755,0,0,106,20058.3,0.0,9,0
2756,0,0,106,20058.3,0.0,9,0
2757,0,0,107,20058.3,0.0,9,0
2758,0,0,107,20058.3,0.0,9,0
2759,0,0,109,20058.3,0.0,9,0
2760,0,0,110,20058.3,0.0,9,0
2761,0,0,110,20058.3,0.0,9,0
2762,0,0,110,20058.3,0.0,9,0
2763,0,0,109,20058.3,0.0,9,0
2764,0,0,107,20058.3,0.0,9,0
2765,0,0,106,20058.3,0.0,9,0
2766,0,0,104,20058.3,0.0,9,0
2767,0,0,103,20058.3,0.0,9,0
2768,0,0,102,20058.3,0.0,9,0
2769,0,0,102,20058.3,0.0,9,0
2770,0,0,101,20058.3,0.0,9,0
2771,0,0,100,20058.3,0.0,9,0
2772,0,0,99,20058.3,0.0,9,0
2773,0,0,99,20058.3,0.0,9,0
2774,0,0,97,20058.3,0.0,9,0
2775,0,0,97,20058.3,0.0,9,0
2776,0,0,97,20058.3,0.0,9,0
2777,0,0,97,20058.3,0.0,9,0
2778,0,0,97,20058.3,0.0,9,0
2779,0,0,96,20058.3,0.0,9,0
2780,0,0,96,20058.3,0.0,9,0
2781,0,0,96,20058.3,0.0,9,0
2782,0,0,96,20058.3,0.0,9,0
2783,0,0,95,20058.3,0.0,9,0
2784,0,0,94,20058.3,0.0,9,0
2785,0,0,94,20058.3,0.0,9,0
2786,0,0,93,20058.3,0.0,9,0
2787,0,0,94,20058.3,0.0,9,0
2788,0,0,94,20058.3,0.0,9,0
2789,0,0,95,20058.3,0.0,9,0
2790,0,0,95,20058.3,0.0,9,0
2791,0,0,95,20058.3,0.0,9,0
2792,0,0,95,20058.3,0.0,9,0
2793,0,0,94,20058.3,0.0,9,0
2794,0,,94,20058.3,,,
,,,,,,,
